date,id,value
2012-01-01 00:00:01,1,69.0
2012-01-01 01:00:01,2,92.0
2012-01-01 02:00:01,3,96.0
2012-01-01 03:00:01,4,92.0
2012-01-01 04:00:01,5,91.0
2012-01-01 05:00:01,6,92.0
2012-01-01 06:00:01,7,91.0
2012-01-01 07:00:01,8,92.0
2012-01-01 08:00:01,9,91.0
2012-01-01 09:00:01,10,96.0
2012-01-01 10:00:01,11,113.0
2012-01-01 11:00:01,12,142.0
2012-01-01 12:00:01,13,158.0
2012-01-01 13:00:01,14,147.0
2012-01-01 14:00:01,15,122.0
2012-01-01 15:00:01,16,112.0
2012-01-01 16:00:01,17,109.0
2012-01-01 17:00:01,18,108.0
2012-01-01 18:00:01,19,107.0
2012-01-01 19:00:01,20,107.0
2012-01-01 20:00:01,21,113.0
2012-01-01 21:00:01,22,113.0
2012-01-01 22:00:01,23,104.0
2012-01-01 23:00:01,24,99.0
2012-01-02 00:00:01,25,95.0
2012-01-02 01:00:01,26,92.0
2012-01-02 02:00:01,27,89.0
2012-01-02 03:00:01,28,88.0
2012-01-02 04:00:01,29,90.0
2012-01-02 05:00:01,30,91.0
2012-01-02 06:00:01,31,93.0
2012-01-02 07:00:01,32,109.0
2012-01-02 08:00:01,33,117.0
2012-01-02 09:00:01,34,116.0
2012-01-02 10:00:01,35,125.0
2012-01-02 11:00:01,36,125.0
2012-01-02 12:00:01,37,125.0
2012-01-02 13:00:01,38,120.0
2012-01-02 14:00:01,39,121.0
2012-01-02 15:00:01,40,118.0
2012-01-02 16:00:01,41,111.0
2012-01-02 17:00:01,42,106.0
2012-01-02 18:00:01,43,114.0
2012-01-02 19:00:01,44,128.0
2012-01-02 20:00:01,45,135.0
2012-01-02 21:00:01,46,119.0
2012-01-02 22:00:01,47,108.0
2012-01-02 23:00:01,48,100.0
2012-01-03 00:00:01,49,95.0
2012-01-03 01:00:01,50,91.0
2012-01-03 02:00:01,51,88.0
2012-01-03 03:00:01,52,89.0
2012-01-03 04:00:01,53,89.0
2012-01-03 05:00:01,54,101.0
2012-01-03 06:00:01,55,136.0
2012-01-03 07:00:01,56,173.0
2012-01-03 08:00:01,57,169.0
2012-01-03 09:00:01,58,163.0
2012-01-03 10:00:01,59,163.0
2012-01-03 11:00:01,60,161.0
2012-01-03 12:00:01,61,153.0
2012-01-03 13:00:01,62,112.0
2012-01-03 14:00:01,63,111.0
2012-01-03 15:00:01,64,104.0
2012-01-03 16:00:01,65,102.0
2012-01-03 17:00:01,66,105.0
2012-01-03 18:00:01,67,115.0
2012-01-03 19:00:01,68,137.0
2012-01-03 20:00:01,69,139.0
2012-01-03 21:00:01,70,120.0
2012-01-03 22:00:01,71,112.0
2012-01-03 23:00:01,72,100.0
2012-01-04 00:00:01,73,94.0
2012-01-04 01:00:01,74,90.0
2012-01-04 02:00:01,75,88.0
2012-01-04 03:00:01,76,89.0
2012-01-04 04:00:01,77,89.0
2012-01-04 05:00:01,78,90.0
2012-01-04 06:00:01,79,94.0
2012-01-04 07:00:01,80,132.0
2012-01-04 08:00:01,81,132.0
2012-01-04 09:00:01,82,115.0
2012-01-04 10:00:01,83,112.0
2012-01-04 11:00:01,84,111.0
2012-01-04 12:00:01,85,110.0
2012-01-04 13:00:01,86,109.0
2012-01-04 14:00:01,87,108.0
2012-01-04 15:00:01,88,102.0
2012-01-04 16:00:01,89,100.0
2012-01-04 17:00:01,90,101.0
2012-01-04 18:00:01,91,112.0
2012-01-04 19:00:01,92,126.0
2012-01-04 20:00:01,93,136.0
2012-01-04 21:00:01,94,120.0
2012-01-04 22:00:01,95,109.0
2012-01-04 23:00:01,96,98.0
2012-01-05 00:00:01,97,92.0
2012-01-05 01:00:01,98,88.0
2012-01-05 02:00:01,99,89.0
2012-01-05 03:00:01,100,89.0
2012-01-05 04:00:01,101,89.0
2012-01-05 05:00:01,102,90.0
2012-01-05 06:00:01,103,95.0
2012-01-05 07:00:01,104,137.0
2012-01-05 08:00:01,105,136.0
2012-01-05 09:00:01,106,122.0
2012-01-05 10:00:01,107,112.0
2012-01-05 11:00:01,108,138.0
2012-01-05 12:00:01,109,127.0
2012-01-05 13:00:01,110,131.0
2012-01-05 14:00:01,111,124.0
2012-01-05 15:00:01,112,112.0
2012-01-05 16:00:01,113,111.0
2012-01-05 17:00:01,114,111.0
2012-01-05 18:00:01,115,123.0
2012-01-05 19:00:01,116,128.0
2012-01-05 20:00:01,117,135.0
2012-01-05 21:00:01,118,114.0
2012-01-05 22:00:01,119,107.0
2012-01-05 23:00:01,120,100.0
2012-01-06 00:00:01,121,92.0
2012-01-06 01:00:01,122,89.0
2012-01-06 02:00:01,123,89.0
2012-01-06 03:00:01,124,88.0
2012-01-06 04:00:01,125,90.0
2012-01-06 05:00:01,126,91.0
2012-01-06 06:00:01,127,95.0
2012-01-06 07:00:01,128,138.0
2012-01-06 08:00:01,129,139.0
2012-01-06 09:00:01,130,120.0
2012-01-06 10:00:01,131,118.0
2012-01-06 11:00:01,132,113.0
2012-01-06 12:00:01,133,113.0
2012-01-06 13:00:01,134,113.0
2012-01-06 14:00:01,135,108.0
2012-01-06 15:00:01,136,100.0
2012-01-06 16:00:01,137,106.0
2012-01-06 17:00:01,138,106.0
2012-01-06 18:00:01,139,112.0
2012-01-06 19:00:01,140,114.0
2012-01-06 20:00:01,141,122.0
2012-01-06 21:00:01,142,112.0
2012-01-06 22:00:01,143,104.0
2012-01-06 23:00:01,144,98.0
2012-01-07 00:00:01,145,93.0
2012-01-07 01:00:01,146,90.0
2012-01-07 02:00:01,147,91.0
2012-01-07 03:00:01,148,90.0
2012-01-07 04:00:01,149,89.0
2012-01-07 05:00:01,150,90.0
2012-01-07 06:00:01,151,92.0
2012-01-07 07:00:01,152,92.0
2012-01-07 08:00:01,153,103.0
2012-01-07 09:00:01,154,128.0
2012-01-07 10:00:01,155,144.0
2012-01-07 11:00:01,156,159.0
2012-01-07 12:00:01,157,161.0
2012-01-07 13:00:01,158,153.0
2012-01-07 14:00:01,159,143.0
2012-01-07 15:00:01,160,128.0
2012-01-07 16:00:01,161,122.0
2012-01-07 17:00:01,162,117.0
2012-01-07 18:00:01,163,122.0
2012-01-07 19:00:01,164,120.0
2012-01-07 20:00:01,165,117.0
2012-01-07 21:00:01,166,106.0
2012-01-07 22:00:01,167,102.0
2012-01-07 23:00:01,168,99.0
2012-01-08 00:00:01,169,95.0
2012-01-08 01:00:01,170,91.0
2012-01-08 02:00:01,171,89.0
2012-01-08 03:00:01,172,88.0
2012-01-08 04:00:01,173,90.0
2012-01-08 05:00:01,174,90.0
2012-01-08 06:00:01,175,90.0
2012-01-08 07:00:01,176,91.0
2012-01-08 08:00:01,177,96.0
2012-01-08 09:00:01,178,124.0
2012-01-08 10:00:01,179,146.0
2012-01-08 11:00:01,180,159.0
2012-01-08 12:00:01,181,160.0
2012-01-08 13:00:01,182,155.0
2012-01-08 14:00:01,183,132.0
2012-01-08 15:00:01,184,119.0
2012-01-08 16:00:01,185,120.0
2012-01-08 17:00:01,186,111.0
2012-01-08 18:00:01,187,113.0
2012-01-08 19:00:01,188,118.0
2012-01-08 20:00:01,189,127.0
2012-01-08 21:00:01,190,113.0
2012-01-08 22:00:01,191,104.0
2012-01-08 23:00:01,192,95.0
2012-01-09 00:00:01,193,93.0
2012-01-09 01:00:01,194,89.0
2012-01-09 02:00:01,195,88.0
2012-01-09 03:00:01,196,90.0
2012-01-09 04:00:01,197,91.0
2012-01-09 05:00:01,198,90.0
2012-01-09 06:00:01,199,95.0
2012-01-09 07:00:01,200,140.0
2012-01-09 08:00:01,201,137.0
2012-01-09 09:00:01,202,115.0
2012-01-09 10:00:01,203,118.0
2012-01-09 11:00:01,204,113.0
2012-01-09 12:00:01,205,118.0
2012-01-09 13:00:01,206,119.0
2012-01-09 14:00:01,207,116.0
2012-01-09 15:00:01,208,109.0
2012-01-09 16:00:01,209,107.0
2012-01-09 17:00:01,210,107.0
2012-01-09 18:00:01,211,117.0
2012-01-09 19:00:01,212,128.0
2012-01-09 20:00:01,213,133.0
2012-01-09 21:00:01,214,121.0
2012-01-09 22:00:01,215,110.0
2012-01-09 23:00:01,216,98.0
2012-01-10 00:00:01,217,92.0
2012-01-10 01:00:01,218,89.0
2012-01-10 02:00:01,219,88.0
2012-01-10 03:00:01,220,89.0
2012-01-10 04:00:01,221,89.0
2012-01-10 05:00:01,222,90.0
2012-01-10 06:00:01,223,95.0
2012-01-10 07:00:01,224,142.0
2012-01-10 08:00:01,225,137.0
2012-01-10 09:00:01,226,118.0
2012-01-10 10:00:01,227,115.0
2012-01-10 11:00:01,228,113.0
2012-01-10 12:00:01,229,52.0
2012-01-10 13:00:01,230,47.0
2012-01-10 14:00:01,231,42.0
2012-01-10 15:00:01,232,42.0
2012-01-10 16:00:01,233,99.0
2012-01-10 17:00:01,234,104.0
2012-01-10 18:00:01,235,115.0
2012-01-10 19:00:01,236,132.0
2012-01-10 20:00:01,237,139.0
2012-01-10 21:00:01,238,125.0
2012-01-10 22:00:01,239,112.0
2012-01-10 23:00:01,240,100.0
2012-01-11 00:00:01,241,93.0
2012-01-11 01:00:01,242,89.0
2012-01-11 02:00:01,243,90.0
2012-01-11 03:00:01,244,89.0
2012-01-11 04:00:01,245,90.0
2012-01-11 05:00:01,246,92.0
2012-01-11 06:00:01,247,95.0
2012-01-11 07:00:01,248,142.0
2012-01-11 08:00:01,249,157.0
2012-01-11 09:00:01,250,89.0
2012-01-11 10:00:01,251,72.0
2012-01-11 11:00:01,252,72.0
2012-01-11 12:00:01,253,72.0
2012-01-11 13:00:01,254,72.0
2012-01-11 14:00:01,255,72.0
2012-01-11 15:00:01,256,72.0
2012-01-11 16:00:01,257,89.0
2012-01-11 17:00:01,258,207.0
2012-01-11 18:00:01,259,141.0
2012-01-11 19:00:01,260,134.0
2012-01-11 20:00:01,261,144.0
2012-01-11 21:00:01,262,124.0
2012-01-11 22:00:01,263,113.0
2012-01-11 23:00:01,264,99.0
2012-01-12 00:00:01,265,92.0
2012-01-12 01:00:01,266,90.0
2012-01-12 02:00:01,267,89.0
2012-01-12 03:00:01,268,87.0
2012-01-12 04:00:01,269,89.0
2012-01-12 05:00:01,270,91.0
2012-01-12 06:00:01,271,95.0
2012-01-12 07:00:01,272,138.0
2012-01-12 08:00:01,273,145.0
2012-01-12 09:00:01,274,118.0
2012-01-12 10:00:01,275,123.0
2012-01-12 11:00:01,276,114.0
2012-01-12 12:00:01,277,112.0
2012-01-12 13:00:01,278,110.0
2012-01-12 14:00:01,279,109.0
2012-01-12 15:00:01,280,101.0
2012-01-12 16:00:01,281,102.0
2012-01-12 17:00:01,282,101.0
2012-01-12 18:00:01,283,108.0
2012-01-12 19:00:01,284,123.0
2012-01-12 20:00:01,285,133.0
2012-01-12 21:00:01,286,123.0
2012-01-12 22:00:01,287,110.0
2012-01-12 23:00:01,288,96.0
2012-01-13 00:00:01,289,92.0
2012-01-13 01:00:01,290,89.0
2012-01-13 02:00:01,291,87.0
2012-01-13 03:00:01,292,88.0
2012-01-13 04:00:01,293,89.0
2012-01-13 05:00:01,294,91.0
2012-01-13 06:00:01,295,94.0
2012-01-13 07:00:01,296,136.0
2012-01-13 08:00:01,297,134.0
2012-01-13 09:00:01,298,118.0
2012-01-13 10:00:01,299,116.0
2012-01-13 11:00:01,300,122.0
2012-01-13 12:00:01,301,114.0
2012-01-13 13:00:01,302,117.0
2012-01-13 14:00:01,303,112.0
2012-01-13 15:00:01,304,106.0
2012-01-13 16:00:01,305,102.0
2012-01-13 17:00:01,306,110.0
2012-01-13 18:00:01,307,112.0
2012-01-13 19:00:01,308,118.0
2012-01-13 20:00:01,309,123.0
2012-01-13 21:00:01,310,113.0
2012-01-13 22:00:01,311,105.0
2012-01-13 23:00:01,312,98.0
2012-01-14 00:00:01,313,92.0
2012-01-14 01:00:01,314,91.0
2012-01-14 02:00:01,315,88.0
2012-01-14 03:00:01,316,87.0
2012-01-14 04:00:01,317,90.0
2012-01-14 05:00:01,318,90.0
2012-01-14 06:00:01,319,91.0
2012-01-14 07:00:01,320,95.0
2012-01-14 08:00:01,321,103.0
2012-01-14 09:00:01,322,124.0
2012-01-14 10:00:01,323,146.0
2012-01-14 11:00:01,324,157.0
2012-01-14 12:00:01,325,150.0
2012-01-14 13:00:01,326,149.0
2012-01-14 14:00:01,327,134.0
2012-01-14 15:00:01,328,124.0
2012-01-14 16:00:01,329,118.0
2012-01-14 17:00:01,330,114.0
2012-01-14 18:00:01,331,115.0
2012-01-14 19:00:01,332,118.0
2012-01-14 20:00:01,333,117.0
2012-01-14 21:00:01,334,108.0
2012-01-14 22:00:01,335,101.0
2012-01-14 23:00:01,336,96.0
2012-01-15 00:00:01,337,93.0
2012-01-15 01:00:01,338,91.0
2012-01-15 02:00:01,339,89.0
2012-01-15 03:00:01,340,90.0
2012-01-15 04:00:01,341,90.0
2012-01-15 05:00:01,342,89.0
2012-01-15 06:00:01,343,90.0
2012-01-15 07:00:01,344,92.0
2012-01-15 08:00:01,345,94.0
2012-01-15 09:00:01,346,106.0
2012-01-15 10:00:01,347,125.0
2012-01-15 11:00:01,348,135.0
2012-01-15 12:00:01,349,138.0
2012-01-15 13:00:01,350,138.0
2012-01-15 14:00:01,351,126.0
2012-01-15 15:00:01,352,114.0
2012-01-15 16:00:01,353,101.0
2012-01-15 17:00:01,354,99.0
2012-01-15 18:00:01,355,106.0
2012-01-15 19:00:01,356,118.0
2012-01-15 20:00:01,357,121.0
2012-01-15 21:00:01,358,110.0
2012-01-15 22:00:01,359,102.0
2012-01-15 23:00:01,360,96.0
2012-01-16 00:00:01,361,92.0
2012-01-16 01:00:01,362,91.0
2012-01-16 02:00:01,363,87.0
2012-01-16 03:00:01,364,87.0
2012-01-16 04:00:01,365,89.0
2012-01-16 05:00:01,366,89.0
2012-01-16 06:00:01,367,95.0
2012-01-16 07:00:01,368,137.0
2012-01-16 08:00:01,369,141.0
2012-01-16 09:00:01,370,119.0
2012-01-16 10:00:01,371,113.0
2012-01-16 11:00:01,372,110.0
2012-01-16 12:00:01,373,86.0
2012-01-16 13:00:01,374,47.0
2012-01-16 14:00:01,375,49.0
2012-01-16 15:00:01,376,35.0
2012-01-16 16:00:01,377,35.0
2012-01-16 17:00:01,378,39.0
2012-01-16 18:00:01,379,45.0
2012-01-16 19:00:01,380,57.0
2012-01-16 20:00:01,381,91.0
2012-01-16 21:00:01,382,118.0
2012-01-16 22:00:01,383,105.0
2012-01-16 23:00:01,384,97.0
2012-01-17 00:00:01,385,92.0
2012-01-17 01:00:01,386,89.0
2012-01-17 02:00:01,387,88.0
2012-01-17 03:00:01,388,87.0
2012-01-17 04:00:01,389,89.0
2012-01-17 05:00:01,390,90.0
2012-01-17 06:00:01,391,94.0
2012-01-17 07:00:01,392,136.0
2012-01-17 08:00:01,393,134.0
2012-01-17 09:00:01,394,112.0
2012-01-17 10:00:01,395,110.0
2012-01-17 11:00:01,396,109.0
2012-01-17 12:00:01,397,110.0
2012-01-17 13:00:01,398,107.0
2012-01-17 14:00:01,399,103.0
2012-01-17 15:00:01,400,100.0
2012-01-17 16:00:01,401,98.0
2012-01-17 17:00:01,402,101.0
2012-01-17 18:00:01,403,111.0
2012-01-17 19:00:01,404,125.0
2012-01-17 20:00:01,405,132.0
2012-01-17 21:00:01,406,117.0
2012-01-17 22:00:01,407,104.0
2012-01-17 23:00:01,408,97.0
2012-01-18 00:00:01,409,92.0
2012-01-18 01:00:01,410,88.0
2012-01-18 02:00:01,411,88.0
2012-01-18 03:00:01,412,87.0
2012-01-18 04:00:01,413,89.0
2012-01-18 05:00:01,414,90.0
2012-01-18 06:00:01,415,101.0
2012-01-18 07:00:01,416,147.0
2012-01-18 08:00:01,417,150.0
2012-01-18 09:00:01,418,128.0
2012-01-18 10:00:01,419,126.0
2012-01-18 11:00:01,420,125.0
2012-01-18 12:00:01,421,121.0
2012-01-18 13:00:01,422,117.0
2012-01-18 14:00:01,423,117.0
2012-01-18 15:00:01,424,112.0
2012-01-18 16:00:01,425,113.0
2012-01-18 17:00:01,426,115.0
2012-01-18 18:00:01,427,125.0
2012-01-18 19:00:01,428,143.0
2012-01-18 20:00:01,429,155.0
2012-01-18 21:00:01,430,132.0
2012-01-18 22:00:01,431,113.0
2012-01-18 23:00:01,432,104.0
2012-01-19 00:00:01,433,97.0
2012-01-19 01:00:01,434,93.0
2012-01-19 02:00:01,435,92.0
2012-01-19 03:00:01,436,92.0
2012-01-19 04:00:01,437,92.0
2012-01-19 05:00:01,438,94.0
2012-01-19 06:00:01,439,101.0
2012-01-19 07:00:01,440,147.0
2012-01-19 08:00:01,441,156.0
2012-01-19 09:00:01,442,135.0
2012-01-19 10:00:01,443,119.0
2012-01-19 11:00:01,444,111.0
2012-01-19 12:00:01,445,116.0
2012-01-19 13:00:01,446,112.0
2012-01-19 14:00:01,447,105.0
2012-01-19 15:00:01,448,101.0
2012-01-19 16:00:01,449,103.0
2012-01-19 17:00:01,450,105.0
2012-01-19 18:00:01,451,112.0
2012-01-19 19:00:01,452,127.0
2012-01-19 20:00:01,453,132.0
2012-01-19 21:00:01,454,117.0
2012-01-19 22:00:01,455,101.0
2012-01-19 23:00:01,456,96.0
2012-01-20 00:00:01,457,92.0
2012-01-20 01:00:01,458,88.0
2012-01-20 02:00:01,459,88.0
2012-01-20 03:00:01,460,87.0
2012-01-20 04:00:01,461,89.0
2012-01-20 05:00:01,462,89.0
2012-01-20 06:00:01,463,94.0
2012-01-20 07:00:01,464,137.0
2012-01-20 08:00:01,465,136.0
2012-01-20 09:00:01,466,118.0
2012-01-20 10:00:01,467,112.0
2012-01-20 11:00:01,468,110.0
2012-01-20 12:00:01,469,112.0
2012-01-20 13:00:01,470,113.0
2012-01-20 14:00:01,471,106.0
2012-01-20 15:00:01,472,101.0
2012-01-20 16:00:01,473,102.0
2012-01-20 17:00:01,474,105.0
2012-01-20 18:00:01,475,110.0
2012-01-20 19:00:01,476,119.0
2012-01-20 20:00:01,477,122.0
2012-01-20 21:00:01,478,113.0
2012-01-20 22:00:01,479,101.0
2012-01-20 23:00:01,480,96.0
2012-01-21 00:00:01,481,92.0
2012-01-21 01:00:01,482,90.0
2012-01-21 02:00:01,483,88.0
2012-01-21 03:00:01,484,88.0
2012-01-21 04:00:01,485,91.0
2012-01-21 05:00:01,486,90.0
2012-01-21 06:00:01,487,90.0
2012-01-21 07:00:01,488,92.0
2012-01-21 08:00:01,489,104.0
2012-01-21 09:00:01,490,124.0
2012-01-21 10:00:01,491,140.0
2012-01-21 11:00:01,492,148.0
2012-01-21 12:00:01,493,153.0
2012-01-21 13:00:01,494,151.0
2012-01-21 14:00:01,495,145.0
2012-01-21 15:00:01,496,121.0
2012-01-21 16:00:01,497,116.0
2012-01-21 17:00:01,498,115.0
2012-01-21 18:00:01,499,118.0
2012-01-21 19:00:01,500,123.0
2012-01-21 20:00:01,501,120.0
2012-01-21 21:00:01,502,106.0
2012-01-21 22:00:01,503,101.0
2012-01-21 23:00:01,504,99.0
2012-01-22 00:00:01,505,95.0
2012-01-22 01:00:01,506,91.0
2012-01-22 02:00:01,507,88.0
2012-01-22 03:00:01,508,89.0
2012-01-22 04:00:01,509,88.0
2012-01-22 05:00:01,510,90.0
2012-01-22 06:00:01,511,90.0
2012-01-22 07:00:01,512,92.0
2012-01-22 08:00:01,513,96.0
2012-01-22 09:00:01,514,122.0
2012-01-22 10:00:01,515,144.0
2012-01-22 11:00:01,516,158.0
2012-01-22 12:00:01,517,160.0
2012-01-22 13:00:01,518,152.0
2012-01-22 14:00:01,519,132.0
2012-01-22 15:00:01,520,118.0
2012-01-22 16:00:01,521,109.0
2012-01-22 17:00:01,522,109.0
2012-01-22 18:00:01,523,118.0
2012-01-22 19:00:01,524,125.0
2012-01-22 20:00:01,525,130.0
2012-01-22 21:00:01,526,113.0
2012-01-22 22:00:01,527,101.0
2012-01-22 23:00:01,528,97.0
2012-01-23 00:00:01,529,93.0
2012-01-23 01:00:01,530,90.0
2012-01-23 02:00:01,531,88.0
2012-01-23 03:00:01,532,87.0
2012-01-23 04:00:01,533,89.0
2012-01-23 05:00:01,534,90.0
2012-01-23 06:00:01,535,95.0
2012-01-23 07:00:01,536,134.0
2012-01-23 08:00:01,537,137.0
2012-01-23 09:00:01,538,116.0
2012-01-23 10:00:01,539,116.0
2012-01-23 11:00:01,540,115.0
2012-01-23 12:00:01,541,118.0
2012-01-23 13:00:01,542,113.0
2012-01-23 14:00:01,543,109.0
2012-01-23 15:00:01,544,101.0
2012-01-23 16:00:01,545,101.0
2012-01-23 17:00:01,546,107.0
2012-01-23 18:00:01,547,116.0
2012-01-23 19:00:01,548,128.0
2012-01-23 20:00:01,549,133.0
2012-01-23 21:00:01,550,116.0
2012-01-23 22:00:01,551,105.0
2012-01-23 23:00:01,552,97.0
2012-01-24 00:00:01,553,92.0
2012-01-24 01:00:01,554,89.0
2012-01-24 02:00:01,555,88.0
2012-01-24 03:00:01,556,88.0
2012-01-24 04:00:01,557,89.0
2012-01-24 05:00:01,558,91.0
2012-01-24 06:00:01,559,95.0
2012-01-24 07:00:01,560,138.0
2012-01-24 08:00:01,561,137.0
2012-01-24 09:00:01,562,110.0
2012-01-24 10:00:01,563,108.0
2012-01-24 11:00:01,564,109.0
2012-01-24 12:00:01,565,112.0
2012-01-24 13:00:01,566,114.0
2012-01-24 14:00:01,567,122.0
2012-01-24 15:00:01,568,106.0
2012-01-24 16:00:01,569,101.0
2012-01-24 17:00:01,570,102.0
2012-01-24 18:00:01,571,116.0
2012-01-24 19:00:01,572,131.0
2012-01-24 20:00:01,573,138.0
2012-01-24 21:00:01,574,116.0
2012-01-24 22:00:01,575,104.0
2012-01-24 23:00:01,576,97.0
2012-01-25 00:00:01,577,91.0
2012-01-25 01:00:01,578,88.0
2012-01-25 02:00:01,579,88.0
2012-01-25 03:00:01,580,87.0
2012-01-25 04:00:01,581,88.0
2012-01-25 05:00:01,582,92.0
2012-01-25 06:00:01,583,95.0
2012-01-25 07:00:01,584,139.0
2012-01-25 08:00:01,585,132.0
2012-01-25 09:00:01,586,114.0
2012-01-25 10:00:01,587,114.0
2012-01-25 11:00:01,588,112.0
2012-01-25 12:00:01,589,112.0
2012-01-25 13:00:01,590,111.0
2012-01-25 14:00:01,591,105.0
2012-01-25 15:00:01,592,100.0
2012-01-25 16:00:01,593,99.0
2012-01-25 17:00:01,594,103.0
2012-01-25 18:00:01,595,111.0
2012-01-25 19:00:01,596,132.0
2012-01-25 20:00:01,597,130.0
2012-01-25 21:00:01,598,115.0
2012-01-25 22:00:01,599,104.0
2012-01-25 23:00:01,600,99.0
2012-01-26 00:00:01,601,92.0
2012-01-26 01:00:01,602,89.0
2012-01-26 02:00:01,603,87.0
2012-01-26 03:00:01,604,88.0
2012-01-26 04:00:01,605,88.0
2012-01-26 05:00:01,606,90.0
2012-01-26 06:00:01,607,94.0
2012-01-26 07:00:01,608,141.0
2012-01-26 08:00:01,609,138.0
2012-01-26 09:00:01,610,113.0
2012-01-26 10:00:01,611,105.0
2012-01-26 11:00:01,612,103.0
2012-01-26 12:00:01,613,111.0
2012-01-26 13:00:01,614,107.0
2012-01-26 14:00:01,615,105.0
2012-01-26 15:00:01,616,104.0
2012-01-26 16:00:01,617,98.0
2012-01-26 17:00:01,618,102.0
2012-01-26 18:00:01,619,111.0
2012-01-26 19:00:01,620,121.0
2012-01-26 20:00:01,621,130.0
2012-01-26 21:00:01,622,116.0
2012-01-26 22:00:01,623,103.0
2012-01-26 23:00:01,624,94.0
2012-01-27 00:00:01,625,90.0
2012-01-27 01:00:01,626,88.0
2012-01-27 02:00:01,627,87.0
2012-01-27 03:00:01,628,87.0
2012-01-27 04:00:01,629,87.0
2012-01-27 05:00:01,630,89.0
2012-01-27 06:00:01,631,93.0
2012-01-27 07:00:01,632,133.0
2012-01-27 08:00:01,633,133.0
2012-01-27 09:00:01,634,114.0
2012-01-27 10:00:01,635,114.0
2012-01-27 11:00:01,636,112.0
2012-01-27 12:00:01,637,112.0
2012-01-27 13:00:01,638,106.0
2012-01-27 14:00:01,639,107.0
2012-01-27 15:00:01,640,106.0
2012-01-27 16:00:01,641,102.0
2012-01-27 17:00:01,642,107.0
2012-01-27 18:00:01,643,112.0
2012-01-27 19:00:01,644,115.0
2012-01-27 20:00:01,645,119.0
2012-01-27 21:00:01,646,111.0
2012-01-27 22:00:01,647,101.0
2012-01-27 23:00:01,648,97.0
2012-01-28 00:00:01,649,92.0
2012-01-28 01:00:01,650,89.0
2012-01-28 02:00:01,651,89.0
2012-01-28 03:00:01,652,87.0
2012-01-28 04:00:01,653,88.0
2012-01-28 05:00:01,654,90.0
2012-01-28 06:00:01,655,91.0
2012-01-28 07:00:01,656,93.0
2012-01-28 08:00:01,657,101.0
2012-01-28 09:00:01,658,126.0
2012-01-28 10:00:01,659,140.0
2012-01-28 11:00:01,660,148.0
2012-01-28 12:00:01,661,151.0
2012-01-28 13:00:01,662,148.0
2012-01-28 14:00:01,663,137.0
2012-01-28 15:00:01,664,127.0
2012-01-28 16:00:01,665,118.0
2012-01-28 17:00:01,666,112.0
2012-01-28 18:00:01,667,116.0
2012-01-28 19:00:01,668,118.0
2012-01-28 20:00:01,669,121.0
2012-01-28 21:00:01,670,106.0
2012-01-28 22:00:01,671,100.0
2012-01-28 23:00:01,672,96.0
2012-01-29 00:00:01,673,92.0
2012-01-29 01:00:01,674,91.0
2012-01-29 02:00:01,675,88.0
2012-01-29 03:00:01,676,87.0
2012-01-29 04:00:01,677,92.0
2012-01-29 05:00:01,678,91.0
2012-01-29 06:00:01,679,90.0
2012-01-29 07:00:01,680,90.0
2012-01-29 08:00:01,681,96.0
2012-01-29 09:00:01,682,119.0
2012-01-29 10:00:01,683,148.0
2012-01-29 11:00:01,684,159.0
2012-01-29 12:00:01,685,160.0
2012-01-29 13:00:01,686,153.0
2012-01-29 14:00:01,687,135.0
2012-01-29 15:00:01,688,116.0
2012-01-29 16:00:01,689,110.0
2012-01-29 17:00:01,690,108.0
2012-01-29 18:00:01,691,112.0
2012-01-29 19:00:01,692,122.0
2012-01-29 20:00:01,693,123.0
2012-01-29 21:00:01,694,114.0
2012-01-29 22:00:01,695,103.0
2012-01-29 23:00:01,696,95.0
2012-01-30 00:00:01,697,92.0
2012-01-30 01:00:01,698,89.0
2012-01-30 02:00:01,699,88.0
2012-01-30 03:00:01,700,88.0
2012-01-30 04:00:01,701,86.0
2012-01-30 05:00:01,702,90.0
2012-01-30 06:00:01,703,95.0
2012-01-30 07:00:01,704,131.0
2012-01-30 08:00:01,705,136.0
2012-01-30 09:00:01,706,121.0
2012-01-30 10:00:01,707,117.0
2012-01-30 11:00:01,708,116.0
2012-01-30 12:00:01,709,119.0
2012-01-30 13:00:01,710,117.0
2012-01-30 14:00:01,711,110.0
2012-01-30 15:00:01,712,103.0
2012-01-30 16:00:01,713,101.0
2012-01-30 17:00:01,714,109.0
2012-01-30 18:00:01,715,114.0
2012-01-30 19:00:01,716,124.0
2012-01-30 20:00:01,717,128.0
2012-01-30 21:00:01,718,119.0
2012-01-30 22:00:01,719,103.0
2012-01-30 23:00:01,720,96.0
2012-01-31 00:00:01,721,92.0
2012-01-31 01:00:01,722,88.0
2012-01-31 02:00:01,723,88.0
2012-01-31 03:00:01,724,87.0
2012-01-31 04:00:01,725,88.0
2012-01-31 05:00:01,726,90.0
2012-01-31 06:00:01,727,96.0
2012-01-31 07:00:01,728,136.0
2012-01-31 08:00:01,729,138.0
2012-01-31 09:00:01,730,121.0
2012-01-31 10:00:01,731,116.0
2012-01-31 11:00:01,732,110.0
2012-01-31 12:00:01,733,114.0
2012-01-31 13:00:01,734,110.0
2012-01-31 14:00:01,735,105.0
2012-01-31 15:00:01,736,100.0
2012-01-31 16:00:01,737,103.0
2012-01-31 17:00:01,738,105.0
2012-01-31 18:00:01,739,110.0
2012-01-31 19:00:01,740,121.0
2012-01-31 20:00:01,741,133.0
2012-01-31 21:00:01,742,115.0
2012-01-31 22:00:01,743,105.0
2012-01-31 23:00:01,744,94.0
2012-02-01 00:00:01,745,92.0
2012-02-01 01:00:01,746,88.0
2012-02-01 02:00:01,747,87.0
2012-02-01 03:00:01,748,87.0
2012-02-01 04:00:01,749,87.0
2012-02-01 05:00:01,750,89.0
2012-02-01 06:00:01,751,95.0
2012-02-01 07:00:01,752,134.0
2012-02-01 08:00:01,753,132.0
2012-02-01 09:00:01,754,113.0
2012-02-01 10:00:01,755,113.0
2012-02-01 11:00:01,756,112.0
2012-02-01 12:00:01,757,111.0
2012-02-01 13:00:01,758,108.0
2012-02-01 14:00:01,759,104.0
2012-02-01 15:00:01,760,101.0
2012-02-01 16:00:01,761,100.0
2012-02-01 17:00:01,762,102.0
2012-02-01 18:00:01,763,110.0
2012-02-01 19:00:01,764,120.0
2012-02-01 20:00:01,765,123.0
2012-02-01 21:00:01,766,113.0
2012-02-01 22:00:01,767,99.0
2012-02-01 23:00:01,768,91.0
2012-02-02 00:00:01,769,88.0
2012-02-02 01:00:01,770,83.0
2012-02-02 02:00:01,771,83.0
2012-02-02 03:00:01,772,82.0
2012-02-02 04:00:01,773,83.0
2012-02-02 05:00:01,774,85.0
2012-02-02 06:00:01,775,91.0
2012-02-02 07:00:01,776,126.0
2012-02-02 08:00:01,777,131.0
2012-02-02 09:00:01,778,113.0
2012-02-02 10:00:01,779,113.0
2012-02-02 11:00:01,780,111.0
2012-02-02 12:00:01,781,108.0
2012-02-02 13:00:01,782,107.0
2012-02-02 14:00:01,783,107.0
2012-02-02 15:00:01,784,99.0
2012-02-02 16:00:01,785,100.0
2012-02-02 17:00:01,786,102.0
2012-02-02 18:00:01,787,111.0
2012-02-02 19:00:01,788,121.0
2012-02-02 20:00:01,789,125.0
2012-02-02 21:00:01,790,111.0
2012-02-02 22:00:01,791,99.0
2012-02-02 23:00:01,792,91.0
2012-02-03 00:00:01,793,88.0
2012-02-03 01:00:01,794,83.0
2012-02-03 02:00:01,795,83.0
2012-02-03 03:00:01,796,82.0
2012-02-03 04:00:01,797,82.0
2012-02-03 05:00:01,798,88.0
2012-02-03 06:00:01,799,91.0
2012-02-03 07:00:01,800,129.0
2012-02-03 08:00:01,801,131.0
2012-02-03 09:00:01,802,121.0
2012-02-03 10:00:01,803,120.0
2012-02-03 11:00:01,804,117.0
2012-02-03 12:00:01,805,114.0
2012-02-03 13:00:01,806,113.0
2012-02-03 14:00:01,807,110.0
2012-02-03 15:00:01,808,103.0
2012-02-03 16:00:01,809,101.0
2012-02-03 17:00:01,810,110.0
2012-02-03 18:00:01,811,109.0
2012-02-03 19:00:01,812,112.0
2012-02-03 20:00:01,813,116.0
2012-02-03 21:00:01,814,108.0
2012-02-03 22:00:01,815,100.0
2012-02-03 23:00:01,816,94.0
2012-02-04 00:00:01,817,91.0
2012-02-04 01:00:01,818,84.0
2012-02-04 02:00:01,819,85.0
2012-02-04 03:00:01,820,83.0
2012-02-04 04:00:01,821,84.0
2012-02-04 05:00:01,822,86.0
2012-02-04 06:00:01,823,88.0
2012-02-04 07:00:01,824,91.0
2012-02-04 08:00:01,825,104.0
2012-02-04 09:00:01,826,118.0
2012-02-04 10:00:01,827,134.0
2012-02-04 11:00:01,828,152.0
2012-02-04 12:00:01,829,150.0
2012-02-04 13:00:01,830,146.0
2012-02-04 14:00:01,831,134.0
2012-02-04 15:00:01,832,129.0
2012-02-04 16:00:01,833,114.0
2012-02-04 17:00:01,834,118.0
2012-02-04 18:00:01,835,112.0
2012-02-04 19:00:01,836,111.0
2012-02-04 20:00:01,837,111.0
2012-02-04 21:00:01,838,103.0
2012-02-04 22:00:01,839,99.0
2012-02-04 23:00:01,840,93.0
2012-02-05 00:00:01,841,90.0
2012-02-05 01:00:01,842,85.0
2012-02-05 02:00:01,843,83.0
2012-02-05 03:00:01,844,84.0
2012-02-05 04:00:01,845,82.0
2012-02-05 05:00:01,846,85.0
2012-02-05 06:00:01,847,85.0
2012-02-05 07:00:01,848,89.0
2012-02-05 08:00:01,849,97.0
2012-02-05 09:00:01,850,115.0
2012-02-05 10:00:01,851,140.0
2012-02-05 11:00:01,852,154.0
2012-02-05 12:00:01,853,160.0
2012-02-05 13:00:01,854,147.0
2012-02-05 14:00:01,855,132.0
2012-02-05 15:00:01,856,116.0
2012-02-05 16:00:01,857,106.0
2012-02-05 17:00:01,858,111.0
2012-02-05 18:00:01,859,111.0
2012-02-05 19:00:01,860,118.0
2012-02-05 20:00:01,861,118.0
2012-02-05 21:00:01,862,110.0
2012-02-05 22:00:01,863,100.0
2012-02-05 23:00:01,864,95.0
2012-02-06 00:00:01,865,89.0
2012-02-06 01:00:01,866,86.0
2012-02-06 02:00:01,867,83.0
2012-02-06 03:00:01,868,83.0
2012-02-06 04:00:01,869,83.0
2012-02-06 05:00:01,870,85.0
2012-02-06 06:00:01,871,91.0
2012-02-06 07:00:01,872,133.0
2012-02-06 08:00:01,873,131.0
2012-02-06 09:00:01,874,115.0
2012-02-06 10:00:01,875,112.0
2012-02-06 11:00:01,876,113.0
2012-02-06 12:00:01,877,119.0
2012-02-06 13:00:01,878,115.0
2012-02-06 14:00:01,879,112.0
2012-02-06 15:00:01,880,105.0
2012-02-06 16:00:01,881,105.0
2012-02-06 17:00:01,882,111.0
2012-02-06 18:00:01,883,117.0
2012-02-06 19:00:01,884,122.0
2012-02-06 20:00:01,885,123.0
2012-02-06 21:00:01,886,114.0
2012-02-06 22:00:01,887,102.0
2012-02-06 23:00:01,888,93.0
2012-02-07 00:00:01,889,89.0
2012-02-07 01:00:01,890,84.0
2012-02-07 02:00:01,891,84.0
2012-02-07 03:00:01,892,83.0
2012-02-07 04:00:01,893,84.0
2012-02-07 05:00:01,894,85.0
2012-02-07 06:00:01,895,93.0
2012-02-07 07:00:01,896,137.0
2012-02-07 08:00:01,897,141.0
2012-02-07 09:00:01,898,115.0
2012-02-07 10:00:01,899,112.0
2012-02-07 11:00:01,900,111.0
2012-02-07 12:00:01,901,111.0
2012-02-07 13:00:01,902,111.0
2012-02-07 14:00:01,903,112.0
2012-02-07 15:00:01,904,106.0
2012-02-07 16:00:01,905,101.0
2012-02-07 17:00:01,906,102.0
2012-02-07 18:00:01,907,112.0
2012-02-07 19:00:01,908,127.0
2012-02-07 20:00:01,909,136.0
2012-02-07 21:00:01,910,116.0
2012-02-07 22:00:01,911,103.0
2012-02-07 23:00:01,912,93.0
2012-02-08 00:00:01,913,91.0
2012-02-08 01:00:01,914,87.0
2012-02-08 02:00:01,915,84.0
2012-02-08 03:00:01,916,84.0
2012-02-08 04:00:01,917,83.0
2012-02-08 05:00:01,918,86.0
2012-02-08 06:00:01,919,91.0
2012-02-08 07:00:01,920,137.0
2012-02-08 08:00:01,921,140.0
2012-02-08 09:00:01,922,118.0
2012-02-08 10:00:01,923,123.0
2012-02-08 11:00:01,924,116.0
2012-02-08 12:00:01,925,117.0
2012-02-08 13:00:01,926,113.0
2012-02-08 14:00:01,927,115.0
2012-02-08 15:00:01,928,107.0
2012-02-08 16:00:01,929,109.0
2012-02-08 17:00:01,930,110.0
2012-02-08 18:00:01,931,114.0
2012-02-08 19:00:01,932,126.0
2012-02-08 20:00:01,933,131.0
2012-02-08 21:00:01,934,114.0
2012-02-08 22:00:01,935,101.0
2012-02-08 23:00:01,936,95.0
2012-02-09 00:00:01,937,91.0
2012-02-09 01:00:01,938,85.0
2012-02-09 02:00:01,939,86.0
2012-02-09 03:00:01,940,86.0
2012-02-09 04:00:01,941,86.0
2012-02-09 05:00:01,942,87.0
2012-02-09 06:00:01,943,92.0
2012-02-09 07:00:01,944,138.0
2012-02-09 08:00:01,945,143.0
2012-02-09 09:00:01,946,116.0
2012-02-09 10:00:01,947,119.0
2012-02-09 11:00:01,948,120.0
2012-02-09 12:00:01,949,117.0
2012-02-09 13:00:01,950,112.0
2012-02-09 14:00:01,951,112.0
2012-02-09 15:00:01,952,104.0
2012-02-09 16:00:01,953,103.0
2012-02-09 17:00:01,954,112.0
2012-02-09 18:00:01,955,118.0
2012-02-09 19:00:01,956,126.0
2012-02-09 20:00:01,957,129.0
2012-02-09 21:00:01,958,114.0
2012-02-09 22:00:01,959,104.0
2012-02-09 23:00:01,960,96.0
2012-02-10 00:00:01,961,89.0
2012-02-10 01:00:01,962,86.0
2012-02-10 02:00:01,963,85.0
2012-02-10 03:00:01,964,86.0
2012-02-10 04:00:01,965,85.0
2012-02-10 05:00:01,966,87.0
2012-02-10 06:00:01,967,92.0
2012-02-10 07:00:01,968,139.0
2012-02-10 08:00:01,969,143.0
2012-02-10 09:00:01,970,136.0
2012-02-10 10:00:01,971,132.0
2012-02-10 11:00:01,972,132.0
2012-02-10 12:00:01,973,124.0
2012-02-10 13:00:01,974,116.0
2012-02-10 14:00:01,975,112.0
2012-02-10 15:00:01,976,107.0
2012-02-10 16:00:01,977,103.0
2012-02-10 17:00:01,978,107.0
2012-02-10 18:00:01,979,115.0
2012-02-10 19:00:01,980,119.0
2012-02-10 20:00:01,981,117.0
2012-02-10 21:00:01,982,110.0
2012-02-10 22:00:01,983,101.0
2012-02-10 23:00:01,984,95.0
2012-02-11 00:00:01,985,90.0
2012-02-11 01:00:01,986,86.0
2012-02-11 02:00:01,987,85.0
2012-02-11 03:00:01,988,84.0
2012-02-11 04:00:01,989,85.0
2012-02-11 05:00:01,990,89.0
2012-02-11 06:00:01,991,87.0
2012-02-11 07:00:01,992,93.0
2012-02-11 08:00:01,993,109.0
2012-02-11 09:00:01,994,131.0
2012-02-11 10:00:01,995,147.0
2012-02-11 11:00:01,996,156.0
2012-02-11 12:00:01,997,160.0
2012-02-11 13:00:01,998,154.0
2012-02-11 14:00:01,999,137.0
2012-02-11 15:00:01,1000,134.0
2012-02-11 16:00:01,1001,121.0
2012-02-11 17:00:01,1002,119.0
2012-02-11 18:00:01,1003,119.0
2012-02-11 19:00:01,1004,120.0
2012-02-11 20:00:01,1005,116.0
2012-02-11 21:00:01,1006,103.0
2012-02-11 22:00:01,1007,99.0
2012-02-11 23:00:01,1008,94.0
2012-02-12 00:00:01,1009,92.0
2012-02-12 01:00:01,1010,90.0
2012-02-12 02:00:01,1011,85.0
2012-02-12 03:00:01,1012,85.0
2012-02-12 04:00:01,1013,87.0
2012-02-12 05:00:01,1014,89.0
2012-02-12 06:00:01,1015,87.0
2012-02-12 07:00:01,1016,91.0
2012-02-12 08:00:01,1017,96.0
2012-02-12 09:00:01,1018,118.0
2012-02-12 10:00:01,1019,144.0
2012-02-12 11:00:01,1020,161.0
2012-02-12 12:00:01,1021,161.0
2012-02-12 13:00:01,1022,158.0
2012-02-12 14:00:01,1023,133.0
2012-02-12 15:00:01,1024,123.0
2012-02-12 16:00:01,1025,117.0
2012-02-12 17:00:01,1026,114.0
2012-02-12 18:00:01,1027,117.0
2012-02-12 19:00:01,1028,121.0
2012-02-12 20:00:01,1029,124.0
2012-02-12 21:00:01,1030,110.0
2012-02-12 22:00:01,1031,99.0
2012-02-12 23:00:01,1032,93.0
2012-02-13 00:00:01,1033,89.0
2012-02-13 01:00:01,1034,85.0
2012-02-13 02:00:01,1035,83.0
2012-02-13 03:00:01,1036,83.0
2012-02-13 04:00:01,1037,87.0
2012-02-13 05:00:01,1038,90.0
2012-02-13 06:00:01,1039,92.0
2012-02-13 07:00:01,1040,137.0
2012-02-13 08:00:01,1041,139.0
2012-02-13 09:00:01,1042,117.0
2012-02-13 10:00:01,1043,117.0
2012-02-13 11:00:01,1044,119.0
2012-02-13 12:00:01,1045,120.0
2012-02-13 13:00:01,1046,117.0
2012-02-13 14:00:01,1047,119.0
2012-02-13 15:00:01,1048,110.0
2012-02-13 16:00:01,1049,110.0
2012-02-13 17:00:01,1050,110.0
2012-02-13 18:00:01,1051,121.0
2012-02-13 19:00:01,1052,129.0
2012-02-13 20:00:01,1053,128.0
2012-02-13 21:00:01,1054,114.0
2012-02-13 22:00:01,1055,104.0
2012-02-13 23:00:01,1056,93.0
2012-02-14 00:00:01,1057,89.0
2012-02-14 01:00:01,1058,85.0
2012-02-14 02:00:01,1059,85.0
2012-02-14 03:00:01,1060,84.0
2012-02-14 04:00:01,1061,86.0
2012-02-14 05:00:01,1062,91.0
2012-02-14 06:00:01,1063,95.0
2012-02-14 07:00:01,1064,134.0
2012-02-14 08:00:01,1065,140.0
2012-02-14 09:00:01,1066,119.0
2012-02-14 10:00:01,1067,119.0
2012-02-14 11:00:01,1068,118.0
2012-02-14 12:00:01,1069,110.0
2012-02-14 13:00:01,1070,109.0
2012-02-14 14:00:01,1071,112.0
2012-02-14 15:00:01,1072,106.0
2012-02-14 16:00:01,1073,100.0
2012-02-14 17:00:01,1074,106.0
2012-02-14 18:00:01,1075,118.0
2012-02-14 19:00:01,1076,134.0
2012-02-14 20:00:01,1077,130.0
2012-02-14 21:00:01,1078,114.0
2012-02-14 22:00:01,1079,103.0
2012-02-14 23:00:01,1080,94.0
2012-02-15 00:00:01,1081,90.0
2012-02-15 01:00:01,1082,88.0
2012-02-15 02:00:01,1083,85.0
2012-02-15 03:00:01,1084,85.0
2012-02-15 04:00:01,1085,86.0
2012-02-15 05:00:01,1086,90.0
2012-02-15 06:00:01,1087,94.0
2012-02-15 07:00:01,1088,142.0
2012-02-15 08:00:01,1089,144.0
2012-02-15 09:00:01,1090,120.0
2012-02-15 10:00:01,1091,126.0
2012-02-15 11:00:01,1092,125.0
2012-02-15 12:00:01,1093,124.0
2012-02-15 13:00:01,1094,115.0
2012-02-15 14:00:01,1095,112.0
2012-02-15 15:00:01,1096,111.0
2012-02-15 16:00:01,1097,110.0
2012-02-15 17:00:01,1098,108.0
2012-02-15 18:00:01,1099,118.0
2012-02-15 19:00:01,1100,131.0
2012-02-15 20:00:01,1101,123.0
2012-02-15 21:00:01,1102,113.0
2012-02-15 22:00:01,1103,106.0
2012-02-15 23:00:01,1104,95.0
2012-02-16 00:00:01,1105,90.0
2012-02-16 01:00:01,1106,84.0
2012-02-16 02:00:01,1107,85.0
2012-02-16 03:00:01,1108,85.0
2012-02-16 04:00:01,1109,86.0
2012-02-16 05:00:01,1110,90.0
2012-02-16 06:00:01,1111,94.0
2012-02-16 07:00:01,1112,139.0
2012-02-16 08:00:01,1113,144.0
2012-02-16 09:00:01,1114,123.0
2012-02-16 10:00:01,1115,118.0
2012-02-16 11:00:01,1116,125.0
2012-02-16 12:00:01,1117,118.0
2012-02-16 13:00:01,1118,113.0
2012-02-16 14:00:01,1119,112.0
2012-02-16 15:00:01,1120,104.0
2012-02-16 16:00:01,1121,105.0
2012-02-16 17:00:01,1122,112.0
2012-02-16 18:00:01,1123,117.0
2012-02-16 19:00:01,1124,127.0
2012-02-16 20:00:01,1125,127.0
2012-02-16 21:00:01,1126,115.0
2012-02-16 22:00:01,1127,108.0
2012-02-16 23:00:01,1128,95.0
2012-02-17 00:00:01,1129,89.0
2012-02-17 01:00:01,1130,86.0
2012-02-17 02:00:01,1131,84.0
2012-02-17 03:00:01,1132,83.0
2012-02-17 04:00:01,1133,85.0
2012-02-17 05:00:01,1134,90.0
2012-02-17 06:00:01,1135,95.0
2012-02-17 07:00:01,1136,146.0
2012-02-17 08:00:01,1137,140.0
2012-02-17 09:00:01,1138,132.0
2012-02-17 10:00:01,1139,129.0
2012-02-17 11:00:01,1140,141.0
2012-02-17 12:00:01,1141,124.0
2012-02-17 13:00:01,1142,121.0
2012-02-17 14:00:01,1143,122.0
2012-02-17 15:00:01,1144,112.0
2012-02-17 16:00:01,1145,111.0
2012-02-17 17:00:01,1146,113.0
2012-02-17 18:00:01,1147,121.0
2012-02-17 19:00:01,1148,122.0
2012-02-17 20:00:01,1149,122.0
2012-02-17 21:00:01,1150,111.0
2012-02-17 22:00:01,1151,104.0
2012-02-17 23:00:01,1152,95.0
2012-02-18 00:00:01,1153,91.0
2012-02-18 01:00:01,1154,89.0
2012-02-18 02:00:01,1155,85.0
2012-02-18 03:00:01,1156,85.0
2012-02-18 04:00:01,1157,86.0
2012-02-18 05:00:01,1158,90.0
2012-02-18 06:00:01,1159,92.0
2012-02-18 07:00:01,1160,98.0
2012-02-18 08:00:01,1161,110.0
2012-02-18 09:00:01,1162,129.0
2012-02-18 10:00:01,1163,156.0
2012-02-18 11:00:01,1164,158.0
2012-02-18 12:00:01,1165,161.0
2012-02-18 13:00:01,1166,154.0
2012-02-18 14:00:01,1167,136.0
2012-02-18 15:00:01,1168,139.0
2012-02-18 16:00:01,1169,133.0
2012-02-18 17:00:01,1170,125.0
2012-02-18 18:00:01,1171,127.0
2012-02-18 19:00:01,1172,124.0
2012-02-18 20:00:01,1173,116.0
2012-02-18 21:00:01,1174,110.0
2012-02-18 22:00:01,1175,101.0
2012-02-18 23:00:01,1176,93.0
2012-02-19 00:00:01,1177,92.0
2012-02-19 01:00:01,1178,87.0
2012-02-19 02:00:01,1179,86.0
2012-02-19 03:00:01,1180,85.0
2012-02-19 04:00:01,1181,86.0
2012-02-19 05:00:01,1182,91.0
2012-02-19 06:00:01,1183,90.0
2012-02-19 07:00:01,1184,91.0
2012-02-19 08:00:01,1185,100.0
2012-02-19 09:00:01,1186,126.0
2012-02-19 10:00:01,1187,148.0
2012-02-19 11:00:01,1188,138.0
2012-02-19 12:00:01,1189,135.0
2012-02-19 13:00:01,1190,150.0
2012-02-19 14:00:01,1191,126.0
2012-02-19 15:00:01,1192,112.0
2012-02-19 16:00:01,1193,106.0
2012-02-19 17:00:01,1194,110.0
2012-02-19 18:00:01,1195,112.0
2012-02-19 19:00:01,1196,116.0
2012-02-19 20:00:01,1197,115.0
2012-02-19 21:00:01,1198,106.0
2012-02-19 22:00:01,1199,100.0
2012-02-19 23:00:01,1200,94.0
2012-02-20 00:00:01,1201,90.0
2012-02-20 01:00:01,1202,88.0
2012-02-20 02:00:01,1203,87.0
2012-02-20 03:00:01,1204,87.0
2012-02-20 04:00:01,1205,85.0
2012-02-20 05:00:01,1206,88.0
2012-02-20 06:00:01,1207,91.0
2012-02-20 07:00:01,1208,106.0
2012-02-20 08:00:01,1209,123.0
2012-02-20 09:00:01,1210,129.0
2012-02-20 10:00:01,1211,132.0
2012-02-20 11:00:01,1212,134.0
2012-02-20 12:00:01,1213,132.0
2012-02-20 13:00:01,1214,127.0
2012-02-20 14:00:01,1215,137.0
2012-02-20 15:00:01,1216,122.0
2012-02-20 16:00:01,1217,109.0
2012-02-20 17:00:01,1218,114.0
2012-02-20 18:00:01,1219,117.0
2012-02-20 19:00:01,1220,122.0
2012-02-20 20:00:01,1221,118.0
2012-02-20 21:00:01,1222,108.0
2012-02-20 22:00:01,1223,100.0
2012-02-20 23:00:01,1224,94.0
2012-02-21 00:00:01,1225,91.0
2012-02-21 01:00:01,1226,90.0
2012-02-21 02:00:01,1227,88.0
2012-02-21 03:00:01,1228,86.0
2012-02-21 04:00:01,1229,87.0
2012-02-21 05:00:01,1230,88.0
2012-02-21 06:00:01,1231,91.0
2012-02-21 07:00:01,1232,98.0
2012-02-21 08:00:01,1233,105.0
2012-02-21 09:00:01,1234,123.0
2012-02-21 10:00:01,1235,138.0
2012-02-21 11:00:01,1236,151.0
2012-02-21 12:00:01,1237,146.0
2012-02-21 13:00:01,1238,128.0
2012-02-21 14:00:01,1239,124.0
2012-02-21 15:00:01,1240,109.0
2012-02-21 16:00:01,1241,106.0
2012-02-21 17:00:01,1242,108.0
2012-02-21 18:00:01,1243,121.0
2012-02-21 19:00:01,1244,128.0
2012-02-21 20:00:01,1245,119.0
2012-02-21 21:00:01,1246,109.0
2012-02-21 22:00:01,1247,102.0
2012-02-21 23:00:01,1248,95.0
2012-02-22 00:00:01,1249,91.0
2012-02-22 01:00:01,1250,88.0
2012-02-22 02:00:01,1251,84.0
2012-02-22 03:00:01,1252,85.0
2012-02-22 04:00:01,1253,85.0
2012-02-22 05:00:01,1254,89.0
2012-02-22 06:00:01,1255,94.0
2012-02-22 07:00:01,1256,120.0
2012-02-22 08:00:01,1257,135.0
2012-02-22 09:00:01,1258,151.0
2012-02-22 10:00:01,1259,132.0
2012-02-22 11:00:01,1260,131.0
2012-02-22 12:00:01,1261,131.0
2012-02-22 13:00:01,1262,122.0
2012-02-22 14:00:01,1263,124.0
2012-02-22 15:00:01,1264,119.0
2012-02-22 16:00:01,1265,116.0
2012-02-22 17:00:01,1266,122.0
2012-02-22 18:00:01,1267,128.0
2012-02-22 19:00:01,1268,133.0
2012-02-22 20:00:01,1269,135.0
2012-02-22 21:00:01,1270,122.0
2012-02-22 22:00:01,1271,110.0
2012-02-22 23:00:01,1272,96.0
2012-02-23 00:00:01,1273,91.0
2012-02-23 01:00:01,1274,87.0
2012-02-23 02:00:01,1275,84.0
2012-02-23 03:00:01,1276,84.0
2012-02-23 04:00:01,1277,87.0
2012-02-23 05:00:01,1278,90.0
2012-02-23 06:00:01,1279,97.0
2012-02-23 07:00:01,1280,145.0
2012-02-23 08:00:01,1281,158.0
2012-02-23 09:00:01,1282,91.0
2012-02-23 10:00:01,1283,72.0
2012-02-23 11:00:01,1284,72.0
2012-02-23 12:00:01,1285,72.0
2012-02-23 13:00:01,1286,72.0
2012-02-23 14:00:01,1287,97.0
2012-02-23 15:00:01,1288,210.0
2012-02-23 16:00:01,1289,136.0
2012-02-23 17:00:01,1290,131.0
2012-02-23 18:00:01,1291,147.0
2012-02-23 19:00:01,1292,151.0
2012-02-23 20:00:01,1293,140.0
2012-02-23 21:00:01,1294,118.0
2012-02-23 22:00:01,1295,108.0
2012-02-23 23:00:01,1296,100.0
2012-02-24 00:00:01,1297,93.0
2012-02-24 01:00:01,1298,88.0
2012-02-24 02:00:01,1299,84.0
2012-02-24 03:00:01,1300,83.0
2012-02-24 04:00:01,1301,88.0
2012-02-24 05:00:01,1302,89.0
2012-02-24 06:00:01,1303,96.0
2012-02-24 07:00:01,1304,147.0
2012-02-24 08:00:01,1305,150.0
2012-02-24 09:00:01,1306,130.0
2012-02-24 10:00:01,1307,147.0
2012-02-24 11:00:01,1308,135.0
2012-02-24 12:00:01,1309,129.0
2012-02-24 13:00:01,1310,123.0
2012-02-24 14:00:01,1311,124.0
2012-02-24 15:00:01,1312,114.0
2012-02-24 16:00:01,1313,112.0
2012-02-24 17:00:01,1314,117.0
2012-02-24 18:00:01,1315,129.0
2012-02-24 19:00:01,1316,133.0
2012-02-24 20:00:01,1317,126.0
2012-02-24 21:00:01,1318,114.0
2012-02-24 22:00:01,1319,103.0
2012-02-24 23:00:01,1320,94.0
2012-02-25 00:00:01,1321,94.0
2012-02-25 01:00:01,1322,91.0
2012-02-25 02:00:01,1323,86.0
2012-02-25 03:00:01,1324,85.0
2012-02-25 04:00:01,1325,89.0
2012-02-25 05:00:01,1326,89.0
2012-02-25 06:00:01,1327,92.0
2012-02-25 07:00:01,1328,98.0
2012-02-25 08:00:01,1329,116.0
2012-02-25 09:00:01,1330,136.0
2012-02-25 10:00:01,1331,160.0
2012-02-25 11:00:01,1332,161.0
2012-02-25 12:00:01,1333,158.0
2012-02-25 13:00:01,1334,154.0
2012-02-25 14:00:01,1335,145.0
2012-02-25 15:00:01,1336,130.0
2012-02-25 16:00:01,1337,124.0
2012-02-25 17:00:01,1338,137.0
2012-02-25 18:00:01,1339,138.0
2012-02-25 19:00:01,1340,144.0
2012-02-25 20:00:01,1341,131.0
2012-02-25 21:00:01,1342,114.0
2012-02-25 22:00:01,1343,108.0
2012-02-25 23:00:01,1344,101.0
2012-02-26 00:00:01,1345,95.0
2012-02-26 01:00:01,1346,91.0
2012-02-26 02:00:01,1347,88.0
2012-02-26 03:00:01,1348,90.0
2012-02-26 04:00:01,1349,89.0
2012-02-26 05:00:01,1350,91.0
2012-02-26 06:00:01,1351,93.0
2012-02-26 07:00:01,1352,97.0
2012-02-26 08:00:01,1353,105.0
2012-02-26 09:00:01,1354,130.0
2012-02-26 10:00:01,1355,161.0
2012-02-26 11:00:01,1356,163.0
2012-02-26 12:00:01,1357,165.0
2012-02-26 13:00:01,1358,161.0
2012-02-26 14:00:01,1359,148.0
2012-02-26 15:00:01,1360,133.0
2012-02-26 16:00:01,1361,129.0
2012-02-26 17:00:01,1362,124.0
2012-02-26 18:00:01,1363,131.0
2012-02-26 19:00:01,1364,146.0
2012-02-26 20:00:01,1365,136.0
2012-02-26 21:00:01,1366,118.0
2012-02-26 22:00:01,1367,109.0
2012-02-26 23:00:01,1368,97.0
2012-02-27 00:00:01,1369,96.0
2012-02-27 01:00:01,1370,91.0
2012-02-27 02:00:01,1371,89.0
2012-02-27 03:00:01,1372,85.0
2012-02-27 04:00:01,1373,90.0
2012-02-27 05:00:01,1374,91.0
2012-02-27 06:00:01,1375,101.0
2012-02-27 07:00:01,1376,155.0
2012-02-27 08:00:01,1377,156.0
2012-02-27 09:00:01,1378,132.0
2012-02-27 10:00:01,1379,133.0
2012-02-27 11:00:01,1380,132.0
2012-02-27 12:00:01,1381,130.0
2012-02-27 13:00:01,1382,122.0
2012-02-27 14:00:01,1383,118.0
2012-02-27 15:00:01,1384,112.0
2012-02-27 16:00:01,1385,110.0
2012-02-27 17:00:01,1386,111.0
2012-02-27 18:00:01,1387,127.0
2012-02-27 19:00:01,1388,140.0
2012-02-27 20:00:01,1389,136.0
2012-02-27 21:00:01,1390,127.0
2012-02-27 22:00:01,1391,112.0
2012-02-27 23:00:01,1392,97.0
2012-02-28 00:00:01,1393,94.0
2012-02-28 01:00:01,1394,88.0
2012-02-28 02:00:01,1395,86.0
2012-02-28 03:00:01,1396,88.0
2012-02-28 04:00:01,1397,92.0
2012-02-28 05:00:01,1398,91.0
2012-02-28 06:00:01,1399,100.0
2012-02-28 07:00:01,1400,151.0
2012-02-28 08:00:01,1401,154.0
2012-02-28 09:00:01,1402,131.0
2012-02-28 10:00:01,1403,119.0
2012-02-28 11:00:01,1404,120.0
2012-02-28 12:00:01,1405,121.0
2012-02-28 13:00:01,1406,119.0
2012-02-28 14:00:01,1407,116.0
2012-02-28 15:00:01,1408,107.0
2012-02-28 16:00:01,1409,111.0
2012-02-28 17:00:01,1410,114.0
2012-02-28 18:00:01,1411,126.0
2012-02-28 19:00:01,1412,144.0
2012-02-28 20:00:01,1413,145.0
2012-02-28 21:00:01,1414,122.0
2012-02-28 22:00:01,1415,112.0
2012-02-28 23:00:01,1416,101.0
2012-02-29 00:00:01,1417,95.0
2012-02-29 01:00:01,1418,88.0
2012-02-29 02:00:01,1419,86.0
2012-02-29 03:00:01,1420,85.0
2012-02-29 04:00:01,1421,88.0
2012-02-29 05:00:01,1422,90.0
2012-02-29 06:00:01,1423,100.0
2012-02-29 07:00:01,1424,154.0
2012-02-29 08:00:01,1425,160.0
2012-02-29 09:00:01,1426,140.0
2012-02-29 10:00:01,1427,131.0
2012-02-29 11:00:01,1428,113.0
2012-02-29 12:00:01,1429,52.0
2012-02-29 13:00:01,1430,81.0
2012-02-29 14:00:01,1431,115.0
2012-02-29 15:00:01,1432,106.0
2012-02-29 16:00:01,1433,161.0
2012-02-29 17:00:01,1434,134.0
2012-02-29 18:00:01,1435,123.0
2012-02-29 19:00:01,1436,141.0
2012-02-29 20:00:01,1437,136.0
2012-02-29 21:00:01,1438,114.0
2012-02-29 22:00:01,1439,109.0
2012-02-29 23:00:01,1440,97.0
2012-03-01 00:00:01,1441,94.0
2012-03-01 01:00:01,1442,88.0
2012-03-01 02:00:01,1443,84.0
2012-03-01 03:00:01,1444,85.0
2012-03-01 04:00:01,1445,89.0
2012-03-01 05:00:01,1446,90.0
2012-03-01 06:00:01,1447,96.0
2012-03-01 07:00:01,1448,150.0
2012-03-01 08:00:01,1449,145.0
2012-03-01 09:00:01,1450,118.0
2012-03-01 10:00:01,1451,120.0
2012-03-01 11:00:01,1452,120.0
2012-03-01 12:00:01,1453,119.0
2012-03-01 13:00:01,1454,116.0
2012-03-01 14:00:01,1455,114.0
2012-03-01 15:00:01,1456,106.0
2012-03-01 16:00:01,1457,100.0
2012-03-01 17:00:01,1458,103.0
2012-03-01 18:00:01,1459,110.0
2012-03-01 19:00:01,1460,128.0
2012-03-01 20:00:01,1461,127.0
2012-03-01 21:00:01,1462,115.0
2012-03-01 22:00:01,1463,103.0
2012-03-01 23:00:01,1464,94.0
2012-03-02 00:00:01,1465,90.0
2012-03-02 01:00:01,1466,86.0
2012-03-02 02:00:01,1467,86.0
2012-03-02 03:00:01,1468,86.0
2012-03-02 04:00:01,1469,86.0
2012-03-02 05:00:01,1470,86.0
2012-03-02 06:00:01,1471,93.0
2012-03-02 07:00:01,1472,141.0
2012-03-02 08:00:01,1473,143.0
2012-03-02 09:00:01,1474,121.0
2012-03-02 10:00:01,1475,116.0
2012-03-02 11:00:01,1476,113.0
2012-03-02 12:00:01,1477,113.0
2012-03-02 13:00:01,1478,115.0
2012-03-02 14:00:01,1479,112.0
2012-03-02 15:00:01,1480,102.0
2012-03-02 16:00:01,1481,101.0
2012-03-02 17:00:01,1482,105.0
2012-03-02 18:00:01,1483,110.0
2012-03-02 19:00:01,1484,123.0
2012-03-02 20:00:01,1485,115.0
2012-03-02 21:00:01,1486,105.0
2012-03-02 22:00:01,1487,101.0
2012-03-02 23:00:01,1488,94.0
2012-03-03 00:00:01,1489,92.0
2012-03-03 01:00:01,1490,90.0
2012-03-03 02:00:01,1491,87.0
2012-03-03 03:00:01,1492,84.0
2012-03-03 04:00:01,1493,87.0
2012-03-03 05:00:01,1494,86.0
2012-03-03 06:00:01,1495,89.0
2012-03-03 07:00:01,1496,95.0
2012-03-03 08:00:01,1497,107.0
2012-03-03 09:00:01,1498,124.0
2012-03-03 10:00:01,1499,138.0
2012-03-03 11:00:01,1500,139.0
2012-03-03 12:00:01,1501,135.0
2012-03-03 13:00:01,1502,138.0
2012-03-03 14:00:01,1503,126.0
2012-03-03 15:00:01,1504,116.0
2012-03-03 16:00:01,1505,108.0
2012-03-03 17:00:01,1506,106.0
2012-03-03 18:00:01,1507,111.0
2012-03-03 19:00:01,1508,116.0
2012-03-03 20:00:01,1509,112.0
2012-03-03 21:00:01,1510,101.0
2012-03-03 22:00:01,1511,98.0
2012-03-03 23:00:01,1512,93.0
2012-03-04 00:00:01,1513,92.0
2012-03-04 01:00:01,1514,86.0
2012-03-04 02:00:01,1515,84.0
2012-03-04 03:00:01,1516,83.0
2012-03-04 04:00:01,1517,86.0
2012-03-04 05:00:01,1518,87.0
2012-03-04 06:00:01,1519,89.0
2012-03-04 07:00:01,1520,91.0
2012-03-04 08:00:01,1521,102.0
2012-03-04 09:00:01,1522,127.0
2012-03-04 10:00:01,1523,137.0
2012-03-04 11:00:01,1524,136.0
2012-03-04 12:00:01,1525,148.0
2012-03-04 13:00:01,1526,135.0
2012-03-04 14:00:01,1527,123.0
2012-03-04 15:00:01,1528,108.0
2012-03-04 16:00:01,1529,101.0
2012-03-04 17:00:01,1530,101.0
2012-03-04 18:00:01,1531,108.0
2012-03-04 19:00:01,1532,124.0
2012-03-04 20:00:01,1533,125.0
2012-03-04 21:00:01,1534,111.0
2012-03-04 22:00:01,1535,100.0
2012-03-04 23:00:01,1536,95.0
2012-03-05 00:00:01,1537,93.0
2012-03-05 01:00:01,1538,86.0
2012-03-05 02:00:01,1539,83.0
2012-03-05 03:00:01,1540,84.0
2012-03-05 04:00:01,1541,86.0
2012-03-05 05:00:01,1542,85.0
2012-03-05 06:00:01,1543,93.0
2012-03-05 07:00:01,1544,145.0
2012-03-05 08:00:01,1545,140.0
2012-03-05 09:00:01,1546,120.0
2012-03-05 10:00:01,1547,118.0
2012-03-05 11:00:01,1548,94.0
2012-03-05 12:00:01,1549,105.0
2012-03-05 13:00:01,1550,114.0
2012-03-05 14:00:01,1551,110.0
2012-03-05 15:00:01,1552,104.0
2012-03-05 16:00:01,1553,102.0
2012-03-05 17:00:01,1554,105.0
2012-03-05 18:00:01,1555,112.0
2012-03-05 19:00:01,1556,132.0
2012-03-05 20:00:01,1557,128.0
2012-03-05 21:00:01,1558,117.0
2012-03-05 22:00:01,1559,105.0
2012-03-05 23:00:01,1560,94.0
2012-03-06 00:00:01,1561,90.0
2012-03-06 01:00:01,1562,84.0
2012-03-06 02:00:01,1563,87.0
2012-03-06 03:00:01,1564,85.0
2012-03-06 04:00:01,1565,86.0
2012-03-06 05:00:01,1566,85.0
2012-03-06 06:00:01,1567,95.0
2012-03-06 07:00:01,1568,142.0
2012-03-06 08:00:01,1569,141.0
2012-03-06 09:00:01,1570,117.0
2012-03-06 10:00:01,1571,112.0
2012-03-06 11:00:01,1572,111.0
2012-03-06 12:00:01,1573,114.0
2012-03-06 13:00:01,1574,110.0
2012-03-06 14:00:01,1575,107.0
2012-03-06 15:00:01,1576,103.0
2012-03-06 16:00:01,1577,106.0
2012-03-06 17:00:01,1578,101.0
2012-03-06 18:00:01,1579,115.0
2012-03-06 19:00:01,1580,136.0
2012-03-06 20:00:01,1581,126.0
2012-03-06 21:00:01,1582,106.0
2012-03-06 22:00:01,1583,103.0
2012-03-06 23:00:01,1584,94.0
2012-03-07 00:00:01,1585,92.0
2012-03-07 01:00:01,1586,87.0
2012-03-07 02:00:01,1587,83.0
2012-03-07 03:00:01,1588,84.0
2012-03-07 04:00:01,1589,86.0
2012-03-07 05:00:01,1590,87.0
2012-03-07 06:00:01,1591,93.0
2012-03-07 07:00:01,1592,146.0
2012-03-07 08:00:01,1593,151.0
2012-03-07 09:00:01,1594,125.0
2012-03-07 10:00:01,1595,125.0
2012-03-07 11:00:01,1596,124.0
2012-03-07 12:00:01,1597,115.0
2012-03-07 13:00:01,1598,112.0
2012-03-07 14:00:01,1599,113.0
2012-03-07 15:00:01,1600,108.0
2012-03-07 16:00:01,1601,109.0
2012-03-07 17:00:01,1602,116.0
2012-03-07 18:00:01,1603,136.0
2012-03-07 19:00:01,1604,154.0
2012-03-07 20:00:01,1605,140.0
2012-03-07 21:00:01,1606,124.0
2012-03-07 22:00:01,1607,109.0
2012-03-07 23:00:01,1608,98.0
2012-03-08 00:00:01,1609,92.0
2012-03-08 01:00:01,1610,87.0
2012-03-08 02:00:01,1611,87.0
2012-03-08 03:00:01,1612,84.0
2012-03-08 04:00:01,1613,86.0
2012-03-08 05:00:01,1614,87.0
2012-03-08 06:00:01,1615,96.0
2012-03-08 07:00:01,1616,151.0
2012-03-08 08:00:01,1617,159.0
2012-03-08 09:00:01,1618,90.0
2012-03-08 10:00:01,1619,72.0
2012-03-08 11:00:01,1620,72.0
2012-03-08 12:00:01,1621,72.0
2012-03-08 13:00:01,1622,210.0
2012-03-08 14:00:01,1623,88.0
2012-03-08 15:00:01,1624,45.0
2012-03-08 16:00:01,1625,40.0
2012-03-08 17:00:01,1626,54.0
2012-03-08 18:00:01,1627,56.0
2012-03-08 19:00:01,1628,70.0
2012-03-08 20:00:01,1629,102.0
2012-03-08 21:00:01,1630,119.0
2012-03-08 22:00:01,1631,110.0
2012-03-08 23:00:01,1632,95.0
2012-03-09 00:00:01,1633,91.0
2012-03-09 01:00:01,1634,85.0
2012-03-09 02:00:01,1635,85.0
2012-03-09 03:00:01,1636,86.0
2012-03-09 04:00:01,1637,91.0
2012-03-09 05:00:01,1638,89.0
2012-03-09 06:00:01,1639,95.0
2012-03-09 07:00:01,1640,149.0
2012-03-09 08:00:01,1641,152.0
2012-03-09 09:00:01,1642,133.0
2012-03-09 10:00:01,1643,141.0
2012-03-09 11:00:01,1644,139.0
2012-03-09 12:00:01,1645,123.0
2012-03-09 13:00:01,1646,117.0
2012-03-09 14:00:01,1647,114.0
2012-03-09 15:00:01,1648,110.0
2012-03-09 16:00:01,1649,111.0
2012-03-09 17:00:01,1650,123.0
2012-03-09 18:00:01,1651,153.0
2012-03-09 19:00:01,1652,154.0
2012-03-09 20:00:01,1653,133.0
2012-03-09 21:00:01,1654,122.0
2012-03-09 22:00:01,1655,109.0
2012-03-09 23:00:01,1656,99.0
2012-03-10 00:00:01,1657,94.0
2012-03-10 01:00:01,1658,90.0
2012-03-10 02:00:01,1659,86.0
2012-03-10 03:00:01,1660,85.0
2012-03-10 04:00:01,1661,88.0
2012-03-10 05:00:01,1662,89.0
2012-03-10 06:00:01,1663,90.0
2012-03-10 07:00:01,1664,100.0
2012-03-10 08:00:01,1665,123.0
2012-03-10 09:00:01,1666,151.0
2012-03-10 10:00:01,1667,161.0
2012-03-10 11:00:01,1668,161.0
2012-03-10 12:00:01,1669,160.0
2012-03-10 13:00:01,1670,153.0
2012-03-10 14:00:01,1671,135.0
2012-03-10 15:00:01,1672,129.0
2012-03-10 16:00:01,1673,120.0
2012-03-10 17:00:01,1674,129.0
2012-03-10 18:00:01,1675,143.0
2012-03-10 19:00:01,1676,151.0
2012-03-10 20:00:01,1677,126.0
2012-03-10 21:00:01,1678,110.0
2012-03-10 22:00:01,1679,105.0
2012-03-10 23:00:01,1680,101.0
2012-03-11 00:00:01,1681,93.0
2012-03-11 01:00:01,1682,89.0
2012-03-11 02:00:01,1683,84.0
2012-03-11 03:00:01,1684,85.0
2012-03-11 04:00:01,1685,89.0
2012-03-11 05:00:01,1686,89.0
2012-03-11 06:00:01,1687,92.0
2012-03-11 07:00:01,1688,95.0
2012-03-11 08:00:01,1689,108.0
2012-03-11 09:00:01,1690,145.0
2012-03-11 10:00:01,1691,159.0
2012-03-11 11:00:01,1692,162.0
2012-03-11 12:00:01,1693,162.0
2012-03-11 13:00:01,1694,160.0
2012-03-11 14:00:01,1695,143.0
2012-03-11 15:00:01,1696,122.0
2012-03-11 16:00:01,1697,114.0
2012-03-11 17:00:01,1698,126.0
2012-03-11 18:00:01,1699,149.0
2012-03-11 19:00:01,1700,159.0
2012-03-11 20:00:01,1701,136.0
2012-03-11 21:00:01,1702,120.0
2012-03-11 22:00:01,1703,109.0
2012-03-11 23:00:01,1704,95.0
2012-03-12 00:00:01,1705,94.0
2012-03-12 01:00:01,1706,90.0
2012-03-12 02:00:01,1707,85.0
2012-03-12 03:00:01,1708,85.0
2012-03-12 04:00:01,1709,88.0
2012-03-12 05:00:01,1710,90.0
2012-03-12 06:00:01,1711,100.0
2012-03-12 07:00:01,1712,155.0
2012-03-12 08:00:01,1713,161.0
2012-03-12 09:00:01,1714,142.0
2012-03-12 10:00:01,1715,152.0
2012-03-12 11:00:01,1716,133.0
2012-03-12 12:00:01,1717,123.0
2012-03-12 13:00:01,1718,112.0
2012-03-12 14:00:01,1719,111.0
2012-03-12 15:00:01,1720,116.0
2012-03-12 16:00:01,1721,123.0
2012-03-12 17:00:01,1722,119.0
2012-03-12 18:00:01,1723,136.0
2012-03-12 19:00:01,1724,153.0
2012-03-12 20:00:01,1725,130.0
2012-03-12 21:00:01,1726,126.0
2012-03-12 22:00:01,1727,110.0
2012-03-12 23:00:01,1728,96.0
2012-03-13 00:00:01,1729,89.0
2012-03-13 01:00:01,1730,86.0
2012-03-13 02:00:01,1731,84.0
2012-03-13 03:00:01,1732,84.0
2012-03-13 04:00:01,1733,89.0
2012-03-13 05:00:01,1734,88.0
2012-03-13 06:00:01,1735,98.0
2012-03-13 07:00:01,1736,151.0
2012-03-13 08:00:01,1737,152.0
2012-03-13 09:00:01,1738,131.0
2012-03-13 10:00:01,1739,118.0
2012-03-13 11:00:01,1740,134.0
2012-03-13 12:00:01,1741,117.0
2012-03-13 13:00:01,1742,113.0
2012-03-13 14:00:01,1743,116.0
2012-03-13 15:00:01,1744,116.0
2012-03-13 16:00:01,1745,105.0
2012-03-13 17:00:01,1746,116.0
2012-03-13 18:00:01,1747,139.0
2012-03-13 19:00:01,1748,153.0
2012-03-13 20:00:01,1749,137.0
2012-03-13 21:00:01,1750,121.0
2012-03-13 22:00:01,1751,106.0
2012-03-13 23:00:01,1752,94.0
2012-03-14 00:00:01,1753,91.0
2012-03-14 01:00:01,1754,86.0
2012-03-14 02:00:01,1755,82.0
2012-03-14 03:00:01,1756,83.0
2012-03-14 04:00:01,1757,86.0
2012-03-14 05:00:01,1758,89.0
2012-03-14 06:00:01,1759,97.0
2012-03-14 07:00:01,1760,150.0
2012-03-14 08:00:01,1761,144.0
2012-03-14 09:00:01,1762,122.0
2012-03-14 10:00:01,1763,125.0
2012-03-14 11:00:01,1764,123.0
2012-03-14 12:00:01,1765,114.0
2012-03-14 13:00:01,1766,101.0
2012-03-14 14:00:01,1767,49.0
2012-03-14 15:00:01,1768,103.0
2012-03-14 16:00:01,1769,108.0
2012-03-14 17:00:01,1770,116.0
2012-03-14 18:00:01,1771,136.0
2012-03-14 19:00:01,1772,149.0
2012-03-14 20:00:01,1773,134.0
2012-03-14 21:00:01,1774,123.0
2012-03-14 22:00:01,1775,110.0
2012-03-14 23:00:01,1776,99.0
2012-03-15 00:00:01,1777,94.0
2012-03-15 01:00:01,1778,89.0
2012-03-15 02:00:01,1779,88.0
2012-03-15 03:00:01,1780,85.0
2012-03-15 04:00:01,1781,90.0
2012-03-15 05:00:01,1782,92.0
2012-03-15 06:00:01,1783,98.0
2012-03-15 07:00:01,1784,152.0
2012-03-15 08:00:01,1785,153.0
2012-03-15 09:00:01,1786,119.0
2012-03-15 10:00:01,1787,117.0
2012-03-15 11:00:01,1788,120.0
2012-03-15 12:00:01,1789,121.0
2012-03-15 13:00:01,1790,113.0
2012-03-15 14:00:01,1791,110.0
2012-03-15 15:00:01,1792,106.0
2012-03-15 16:00:01,1793,97.0
2012-03-15 17:00:01,1794,99.0
2012-03-15 18:00:01,1795,108.0
2012-03-15 19:00:01,1796,126.0
2012-03-15 20:00:01,1797,120.0
2012-03-15 21:00:01,1798,108.0
2012-03-15 22:00:01,1799,104.0
2012-03-15 23:00:01,1800,95.0
2012-03-16 00:00:01,1801,92.0
2012-03-16 01:00:01,1802,88.0
2012-03-16 02:00:01,1803,85.0
2012-03-16 03:00:01,1804,86.0
2012-03-16 04:00:01,1805,88.0
2012-03-16 05:00:01,1806,92.0
2012-03-16 06:00:01,1807,97.0
2012-03-16 07:00:01,1808,146.0
2012-03-16 08:00:01,1809,142.0
2012-03-16 09:00:01,1810,116.0
2012-03-16 10:00:01,1811,112.0
2012-03-16 11:00:01,1812,110.0
2012-03-16 12:00:01,1813,111.0
2012-03-16 13:00:01,1814,110.0
2012-03-16 14:00:01,1815,108.0
2012-03-16 15:00:01,1816,100.0
2012-03-16 16:00:01,1817,100.0
2012-03-16 17:00:01,1818,104.0
2012-03-16 18:00:01,1819,107.0
2012-03-16 19:00:01,1820,124.0
2012-03-16 20:00:01,1821,119.0
2012-03-16 21:00:01,1822,108.0
2012-03-16 22:00:01,1823,100.0
2012-03-16 23:00:01,1824,95.0
2012-03-17 00:00:01,1825,92.0
2012-03-17 01:00:01,1826,90.0
2012-03-17 02:00:01,1827,88.0
2012-03-17 03:00:01,1828,83.0
2012-03-17 04:00:01,1829,89.0
2012-03-17 05:00:01,1830,90.0
2012-03-17 06:00:01,1831,91.0
2012-03-17 07:00:01,1832,98.0
2012-03-17 08:00:01,1833,112.0
2012-03-17 09:00:01,1834,129.0
2012-03-17 10:00:01,1835,138.0
2012-03-17 11:00:01,1836,135.0
2012-03-17 12:00:01,1837,134.0
2012-03-17 13:00:01,1838,124.0
2012-03-17 14:00:01,1839,123.0
2012-03-17 15:00:01,1840,116.0
2012-03-17 16:00:01,1841,106.0
2012-03-17 17:00:01,1842,107.0
2012-03-17 18:00:01,1843,114.0
2012-03-17 19:00:01,1844,119.0
2012-03-17 20:00:01,1845,118.0
2012-03-17 21:00:01,1846,106.0
2012-03-17 22:00:01,1847,100.0
2012-03-17 23:00:01,1848,95.0
2012-03-18 00:00:01,1849,92.0
2012-03-18 01:00:01,1850,89.0
2012-03-18 02:00:01,1851,83.0
2012-03-18 03:00:01,1852,87.0
2012-03-18 04:00:01,1853,86.0
2012-03-18 05:00:01,1854,91.0
2012-03-18 06:00:01,1855,92.0
2012-03-18 07:00:01,1856,93.0
2012-03-18 08:00:01,1857,97.0
2012-03-18 09:00:01,1858,117.0
2012-03-18 10:00:01,1859,128.0
2012-03-18 11:00:01,1860,137.0
2012-03-18 12:00:01,1861,144.0
2012-03-18 13:00:01,1862,132.0
2012-03-18 14:00:01,1863,126.0
2012-03-18 15:00:01,1864,109.0
2012-03-18 16:00:01,1865,102.0
2012-03-18 17:00:01,1866,101.0
2012-03-18 18:00:01,1867,108.0
2012-03-18 19:00:01,1868,127.0
2012-03-18 20:00:01,1869,127.0
2012-03-18 21:00:01,1870,115.0
2012-03-18 22:00:01,1871,104.0
2012-03-18 23:00:01,1872,94.0
2012-03-19 00:00:01,1873,93.0
2012-03-19 01:00:01,1874,87.0
2012-03-19 02:00:01,1875,86.0
2012-03-19 03:00:01,1876,83.0
2012-03-19 04:00:01,1877,86.0
2012-03-19 05:00:01,1878,93.0
2012-03-19 06:00:01,1879,98.0
2012-03-19 07:00:01,1880,151.0
2012-03-19 08:00:01,1881,154.0
2012-03-19 09:00:01,1882,126.0
2012-03-19 10:00:01,1883,114.0
2012-03-19 11:00:01,1884,111.0
2012-03-19 12:00:01,1885,112.0
2012-03-19 13:00:01,1886,114.0
2012-03-19 14:00:01,1887,112.0
2012-03-19 15:00:01,1888,115.0
2012-03-19 16:00:01,1889,106.0
2012-03-19 17:00:01,1890,110.0
2012-03-19 18:00:01,1891,118.0
2012-03-19 19:00:01,1892,140.0
2012-03-19 20:00:01,1893,134.0
2012-03-19 21:00:01,1894,120.0
2012-03-19 22:00:01,1895,108.0
2012-03-19 23:00:01,1896,99.0
2012-03-20 00:00:01,1897,93.0
2012-03-20 01:00:01,1898,90.0
2012-03-20 02:00:01,1899,90.0
2012-03-20 03:00:01,1900,88.0
2012-03-20 04:00:01,1901,91.0
2012-03-20 05:00:01,1902,93.0
2012-03-20 06:00:01,1903,100.0
2012-03-20 07:00:01,1904,152.0
2012-03-20 08:00:01,1905,148.0
2012-03-20 09:00:01,1906,114.0
2012-03-20 10:00:01,1907,110.0
2012-03-20 11:00:01,1908,113.0
2012-03-20 12:00:01,1909,125.0
2012-03-20 13:00:01,1910,114.0
2012-03-20 14:00:01,1911,109.0
2012-03-20 15:00:01,1912,102.0
2012-03-20 16:00:01,1913,101.0
2012-03-20 17:00:01,1914,109.0
2012-03-20 18:00:01,1915,127.0
2012-03-20 19:00:01,1916,149.0
2012-03-20 20:00:01,1917,140.0
2012-03-20 21:00:01,1918,117.0
2012-03-20 22:00:01,1919,104.0
2012-03-20 23:00:01,1920,100.0
2012-03-21 00:00:01,1921,93.0
2012-03-21 01:00:01,1922,92.0
2012-03-21 02:00:01,1923,91.0
2012-03-21 03:00:01,1924,90.0
2012-03-21 04:00:01,1925,91.0
2012-03-21 05:00:01,1926,92.0
2012-03-21 06:00:01,1927,101.0
2012-03-21 07:00:01,1928,155.0
2012-03-21 08:00:01,1929,156.0
2012-03-21 09:00:01,1930,134.0
2012-03-21 10:00:01,1931,118.0
2012-03-21 11:00:01,1932,111.0
2012-03-21 12:00:01,1933,58.0
2012-03-21 13:00:01,1934,43.0
2012-03-21 14:00:01,1935,47.0
2012-03-21 15:00:01,1936,100.0
2012-03-21 16:00:01,1937,111.0
2012-03-21 17:00:01,1938,123.0
2012-03-21 18:00:01,1939,133.0
2012-03-21 19:00:01,1940,149.0
2012-03-21 20:00:01,1941,136.0
2012-03-21 21:00:01,1942,119.0
2012-03-21 22:00:01,1943,111.0
2012-03-21 23:00:01,1944,99.0
2012-03-22 00:00:01,1945,94.0
2012-03-22 01:00:01,1946,92.0
2012-03-22 02:00:01,1947,92.0
2012-03-22 03:00:01,1948,91.0
2012-03-22 04:00:01,1949,91.0
2012-03-22 05:00:01,1950,92.0
2012-03-22 06:00:01,1951,102.0
2012-03-22 07:00:01,1952,147.0
2012-03-22 08:00:01,1953,153.0
2012-03-22 09:00:01,1954,125.0
2012-03-22 10:00:01,1955,130.0
2012-03-22 11:00:01,1956,125.0
2012-03-22 12:00:01,1957,125.0
2012-03-22 13:00:01,1958,113.0
2012-03-22 14:00:01,1959,113.0
2012-03-22 15:00:01,1960,110.0
2012-03-22 16:00:01,1961,110.0
2012-03-22 17:00:01,1962,117.0
2012-03-22 18:00:01,1963,135.0
2012-03-22 19:00:01,1964,103.0
2012-03-22 20:00:01,1965,73.0
2012-03-22 21:00:01,1966,55.0
2012-03-22 22:00:01,1967,39.0
2012-03-22 23:00:01,1968,32.0
2012-03-23 00:00:01,1969,27.0
2012-03-23 01:00:01,1970,23.0
2012-03-23 02:00:01,1971,21.0
2012-03-23 03:00:01,1972,22.0
2012-03-23 04:00:01,1973,22.0
2012-03-23 05:00:01,1974,24.0
2012-03-23 06:00:01,1975,34.0
2012-03-23 07:00:01,1976,88.0
2012-03-23 08:00:01,1977,85.0
2012-03-23 09:00:01,1978,59.0
2012-03-23 10:00:01,1979,89.0
2012-03-23 11:00:01,1980,121.0
2012-03-23 12:00:01,1981,113.0
2012-03-23 13:00:01,1982,114.0
2012-03-23 14:00:01,1983,113.0
2012-03-23 15:00:01,1984,108.0
2012-03-23 16:00:01,1985,109.0
2012-03-23 17:00:01,1986,118.0
2012-03-23 18:00:01,1987,134.0
2012-03-23 19:00:01,1988,136.0
2012-03-23 20:00:01,1989,127.0
2012-03-23 21:00:01,1990,109.0
2012-03-23 22:00:01,1991,101.0
2012-03-23 23:00:01,1992,96.0
2012-03-24 00:00:01,1993,94.0
2012-03-24 01:00:01,1994,92.0
2012-03-24 02:00:01,1995,92.0
2012-03-24 03:00:01,1996,90.0
2012-03-24 04:00:01,1997,90.0
2012-03-24 05:00:01,1998,92.0
2012-03-24 06:00:01,1999,92.0
2012-03-24 07:00:01,2000,98.0
2012-03-24 08:00:01,2001,110.0
2012-03-24 09:00:01,2002,122.0
2012-03-24 10:00:01,2003,130.0
2012-03-24 11:00:01,2004,125.0
2012-03-24 12:00:01,2005,123.0
2012-03-24 13:00:01,2006,122.0
2012-03-24 14:00:01,2007,120.0
2012-03-24 15:00:01,2008,112.0
2012-03-24 16:00:01,2009,108.0
2012-03-24 17:00:01,2010,111.0
2012-03-24 18:00:01,2011,110.0
2012-03-24 19:00:01,2012,123.0
2012-03-24 20:00:01,2013,120.0
2012-03-24 21:00:01,2014,107.0
2012-03-24 22:00:01,2015,100.0
2012-03-24 23:00:01,2016,96.0
2012-03-25 00:00:01,2017,93.0
2012-03-25 01:00:01,2018,89.0
2012-03-25 02:00:01,2019,89.0
2012-03-25 03:00:01,2020,84.0
2012-03-25 04:00:01,2021,87.0
2012-03-25 05:00:01,2022,91.0
2012-03-25 06:00:01,2023,90.0
2012-03-25 07:00:01,2024,92.0
2012-03-25 08:00:01,2025,97.0
2012-03-25 09:00:01,2026,113.0
2012-03-25 10:00:01,2027,135.0
2012-03-25 11:00:01,2028,158.0
2012-03-25 12:00:01,2029,166.0
2012-03-25 13:00:01,2030,162.0
2012-03-25 14:00:01,2031,149.0
2012-03-25 15:00:01,2032,137.0
2012-03-25 16:00:01,2033,127.0
2012-03-25 17:00:01,2034,124.0
2012-03-25 18:00:01,2035,135.0
2012-03-25 19:00:01,2036,145.0
2012-03-25 20:00:01,2037,158.0
2012-03-25 21:00:01,2038,129.0
2012-03-25 22:00:01,2039,111.0
2012-03-25 23:00:01,2040,97.0
2012-03-26 00:00:01,2041,94.0
2012-03-26 01:00:01,2042,93.0
2012-03-26 02:00:01,2043,89.0
2012-03-26 03:00:01,2044,84.0
2012-03-26 04:00:01,2045,86.0
2012-03-26 05:00:01,2046,87.0
2012-03-26 06:00:01,2047,96.0
2012-03-26 07:00:01,2048,117.0
2012-03-26 08:00:01,2049,150.0
2012-03-26 09:00:01,2050,141.0
2012-03-26 10:00:01,2051,138.0
2012-03-26 11:00:01,2052,133.0
2012-03-26 12:00:01,2053,135.0
2012-03-26 13:00:01,2054,125.0
2012-03-26 14:00:01,2055,127.0
2012-03-26 15:00:01,2056,118.0
2012-03-26 16:00:01,2057,111.0
2012-03-26 17:00:01,2058,109.0
2012-03-26 18:00:01,2059,134.0
2012-03-26 19:00:01,2060,150.0
2012-03-26 20:00:01,2061,158.0
2012-03-26 21:00:01,2062,128.0
2012-03-26 22:00:01,2063,111.0
2012-03-26 23:00:01,2064,99.0
2012-03-27 00:00:01,2065,94.0
2012-03-27 01:00:01,2066,90.0
2012-03-27 02:00:01,2067,87.0
2012-03-27 03:00:01,2068,87.0
2012-03-27 04:00:01,2069,84.0
2012-03-27 05:00:01,2070,90.0
2012-03-27 06:00:01,2071,94.0
2012-03-27 07:00:01,2072,122.0
2012-03-27 08:00:01,2073,149.0
2012-03-27 09:00:01,2074,142.0
2012-03-27 10:00:01,2075,134.0
2012-03-27 11:00:01,2076,130.0
2012-03-27 12:00:01,2077,136.0
2012-03-27 13:00:01,2078,124.0
2012-03-27 14:00:01,2079,115.0
2012-03-27 15:00:01,2080,113.0
2012-03-27 16:00:01,2081,113.0
2012-03-27 17:00:01,2082,116.0
2012-03-27 18:00:01,2083,129.0
2012-03-27 19:00:01,2084,153.0
2012-03-27 20:00:01,2085,160.0
2012-03-27 21:00:01,2086,122.0
2012-03-27 22:00:01,2087,111.0
2012-03-27 23:00:01,2088,99.0
2012-03-28 00:00:01,2089,94.0
2012-03-28 01:00:01,2090,91.0
2012-03-28 02:00:01,2091,86.0
2012-03-28 03:00:01,2092,84.0
2012-03-28 04:00:01,2093,87.0
2012-03-28 05:00:01,2094,89.0
2012-03-28 06:00:01,2095,94.0
2012-03-28 07:00:01,2096,120.0
2012-03-28 08:00:01,2097,150.0
2012-03-28 09:00:01,2098,144.0
2012-03-28 10:00:01,2099,132.0
2012-03-28 11:00:01,2100,129.0
2012-03-28 12:00:01,2101,121.0
2012-03-28 13:00:01,2102,117.0
2012-03-28 14:00:01,2103,110.0
2012-03-28 15:00:01,2104,112.0
2012-03-28 16:00:01,2105,109.0
2012-03-28 17:00:01,2106,114.0
2012-03-28 18:00:01,2107,137.0
2012-03-28 19:00:01,2108,147.0
2012-03-28 20:00:01,2109,155.0
2012-03-28 21:00:01,2110,128.0
2012-03-28 22:00:01,2111,109.0
2012-03-28 23:00:01,2112,101.0
2012-03-29 00:00:01,2113,94.0
2012-03-29 01:00:01,2114,92.0
2012-03-29 02:00:01,2115,87.0
2012-03-29 03:00:01,2116,87.0
2012-03-29 04:00:01,2117,87.0
2012-03-29 05:00:01,2118,90.0
2012-03-29 06:00:01,2119,94.0
2012-03-29 07:00:01,2120,122.0
2012-03-29 08:00:01,2121,154.0
2012-03-29 09:00:01,2122,139.0
2012-03-29 10:00:01,2123,130.0
2012-03-29 11:00:01,2124,116.0
2012-03-29 12:00:01,2125,118.0
2012-03-29 13:00:01,2126,112.0
2012-03-29 14:00:01,2127,106.0
2012-03-29 15:00:01,2128,71.0
2012-03-29 16:00:01,2129,107.0
2012-03-29 17:00:01,2130,92.0
2012-03-29 18:00:01,2131,56.0
2012-03-29 19:00:01,2132,61.0
2012-03-29 20:00:01,2133,63.0
2012-03-29 21:00:01,2134,49.0
2012-03-29 22:00:01,2135,37.0
2012-03-29 23:00:01,2136,96.0
2012-03-30 00:00:01,2137,93.0
2012-03-30 01:00:01,2138,89.0
2012-03-30 02:00:01,2139,83.0
2012-03-30 03:00:01,2140,87.0
2012-03-30 04:00:01,2141,83.0
2012-03-30 05:00:01,2142,86.0
2012-03-30 06:00:01,2143,93.0
2012-03-30 07:00:01,2144,111.0
2012-03-30 08:00:01,2145,131.0
2012-03-30 09:00:01,2146,113.0
2012-03-30 10:00:01,2147,100.0
2012-03-30 11:00:01,2148,103.0
2012-03-30 12:00:01,2149,106.0
2012-03-30 13:00:01,2150,106.0
2012-03-30 14:00:01,2151,104.0
2012-03-30 15:00:01,2152,99.0
2012-03-30 16:00:01,2153,99.0
2012-03-30 17:00:01,2154,100.0
2012-03-30 18:00:01,2155,103.0
2012-03-30 19:00:01,2156,107.0
2012-03-30 20:00:01,2157,116.0
2012-03-30 21:00:01,2158,109.0
2012-03-30 22:00:01,2159,100.0
2012-03-30 23:00:01,2160,97.0
2012-03-31 00:00:01,2161,94.0
2012-03-31 01:00:01,2162,92.0
2012-03-31 02:00:01,2163,87.0
2012-03-31 03:00:01,2164,85.0
2012-03-31 04:00:01,2165,80.0
2012-03-31 05:00:01,2166,83.0
2012-03-31 06:00:01,2167,85.0
2012-03-31 07:00:01,2168,94.0
2012-03-31 08:00:01,2169,106.0
2012-03-31 09:00:01,2170,118.0
2012-03-31 10:00:01,2171,125.0
2012-03-31 11:00:01,2172,127.0
2012-03-31 12:00:01,2173,128.0
2012-03-31 13:00:01,2174,127.0
2012-03-31 14:00:01,2175,120.0
2012-03-31 15:00:01,2176,114.0
2012-03-31 16:00:01,2177,103.0
2012-03-31 17:00:01,2178,111.0
2012-03-31 18:00:01,2179,112.0
2012-03-31 19:00:01,2180,110.0
2012-03-31 20:00:01,2181,116.0
2012-03-31 21:00:01,2182,105.0
2012-03-31 22:00:01,2183,95.0
2012-03-31 23:00:01,2184,94.0
